question,answer,contexts,ground_truth,evolution_type
CÔNG TY CỔ PHẦN DHA SURFACES là gì và có thông tin gì trong tài liệu này (Hãy trình bày thật chi tiết)?,"CÔNG TY CỔ PHẦN DHA SURFACES là một người nộp thuế, có mã số thuế 0106769437. Trong tài liệu, công ty này được đề cập trong mẫu số 01/GTGT, áp dụng cho các đối tượng nộp thuế khác với hoạt động sản xuất kinh doanh thông thường. Tài liệu ghi nhận rằng công ty có thông tin về thuế giá trị gia tăng, với các chỉ tiêu như thuế giá trị gia tăng đề nghị hoàn và thuế giá trị gia tăng còn được khấu trừ chuyển kỳ sau đều có giá trị là 0. Công ty cam đoan số liệu khai là đúng và chịu trách nhiệm trước pháp luật về số liệu đã khai. Ngày ký là 24 tháng 01 năm 2025, và người đại diện là Trịnh Thị Sang.","[""### Mẫu số: 01/GTGT\n\n*(Áp dụng đối với người nộp thuế thuộc đối tượng áp dụng khác với hoạt động sản xuất kinh doanh thông thường)*\n\n| STT | Chỉ tiêu | Giá trị ghi nhận, dịch vụ (chưa có thuế giá trị gia tăng) | Thuế giá trị gia tăng |\n|-----|----------|-----------------------------------------------------------|-----------------------|\n| 01  | Tên người nộp thuế: CÔNG TY CỔ PHẦN DHA SURFACES | Ngày: |                       |\n| 02  | Mã số thuế: 0106769437 | |                       |\n| 03  | Tên gọi: | Hợp đồng dự kiến: |                       |\n| 04  | Địa chỉ: | Huyện/Quận: |                       |\n| 05  | Phương/xã: | |                       |\n| 06  | Tỉnh/Thành phố: | Đơn vị tính: đồng Việt Nam |                       |"", ""## Trang 2\n\n\n```markdown\n4.1 Thuế giá trị gia tăng đề nghị hoàn (142) ≤ (411) [42] 0  \n4.2 Thuế giá trị gia tăng còn được khấu trừ chuyển kỳ sau (143)=(41)+(42) [43] 0  \n\nTôi cam đoan số liệu khai trên là đúng và chịu trách nhiệm trước pháp luật về số liệu đã khai/...  \n\nNgày 24 tháng 01 năm 2025  \n\nNHÂN VIÊN ĐẠI LÝ THUẾ  \nHọ và tên:  \nChức chỉ hành nghề số:  \n\nNGƯỜI NỘP THUẾ hoặc  \nĐẠI DIỆN HỢP PHÁP CỦA NGƯỜI NỘP THUẾ  \n(Chữ ký, ghi rõ họ tên; chức vụ và đóng dấu (nếu có)/Xác nhận)  \n\nTRỊNH THỊ SANG  \n\n*Ký điện tử bởi: CÔNG TY CỔ PHẦN DHA SURFACES.*\n```"", ""## Trang 34\n\n\n```markdown""]","CÔNG TY CỔ PHẦN DHA SURFACES là tên người nộp thuế được ghi nhận trong tài liệu. Mã số thuế của công ty là 0106769437, nhưng không có thông tin chi tiết hơn về địa chỉ hay các dịch vụ cụ thể trong tài liệu này.",simple
Who is TRỊNH THỊ SANG in the context of the tax declaration?,TRỊNH THỊ SANG là người nộp thuế hoặc đại diện hợp pháp của người nộp thuế trong bối cảnh khai thuế.,"[""## Trang 2\n\n\n```markdown\n4.1 Thuế giá trị gia tăng đề nghị hoàn (142) ≤ (411) [42] 0  \n4.2 Thuế giá trị gia tăng còn được khấu trừ chuyển kỳ sau (143)=(41)+(42) [43] 0  \n\nTôi cam đoan số liệu khai trên là đúng và chịu trách nhiệm trước pháp luật về số liệu đã khai/...  \n\nNgày 24 tháng 01 năm 2025  \n\nNHÂN VIÊN ĐẠI LÝ THUẾ  \nHọ và tên:  \nChức chỉ hành nghề số:  \n\nNGƯỜI NỘP THUẾ hoặc  \nĐẠI DIỆN HỢP PHÁP CỦA NGƯỜI NỘP THUẾ  \n(Chữ ký, ghi rõ họ tên; chức vụ và đóng dấu (nếu có)/Xác nhận)  \n\nTRỊNH THỊ SANG  \n\n*Ký điện tử bởi: CÔNG TY CỔ PHẦN DHA SURFACES.*\n```""]","TRỊNH THỊ SANG is identified as the taxpayer or the legal representative of the taxpayer, as indicated in the tax declaration document where their name is mentioned along with the requirement for a signature and confirmation.",simple
Chủ thể dữ liệu là ai trong quy định về bảo vệ dữ liệu cá nhân?,Chủ thể dữ liệu là cá nhân mà dữ liệu cá nhân của họ được xử lý.,"[""## Trang 8\n\n\n```markdown\n8. Quyền phân đối xử lý dữ liệu\n   a) Chủ thể dữ liệu được phân đối Bên Kiểm soát dữ liệu cá nhân, Bên Kiểm soát và xử lý dữ liệu cá nhân xử lý dữ liệu cá nhân của mình nhằm ngăn chặn hoặc hạn chế tiết lộ dữ liệu cá nhân hoặc sử dụng cho mục đích quảng cáo, tiếp thị, trừ trường hợp luật có quy định khác;\n   b) Bên Kiểm soát dữ liệu cá nhân, Bên Kiểm soát và xử lý dữ liệu cá nhân thực hiện yêu cầu của chủ thể dữ liệu trong 72 giờ sau khi nhận được yêu cầu, trừ trường hợp luật có quy định khác.\n\n9. Quyền khiếu nại, tố cáo, khởi kiện\n   Chủ thể dữ liệu có quyền khiếu nại, tố cáo hoặc khởi kiện theo quy định của pháp luật.\n\n10. Quyền yêu cầu bồi thường thiệt hại\n   Chủ thể dữ liệu có quyền yêu cầu bồi thường thiệt hại theo quy định của pháp luật khi xảy ra vi phạm quy định về bảo vệ dữ liệu cá nhân của mình, trừ trường hợp các bên có thỏa thuận khác hoặc luật có quy định khác.\n\n11. Quyền tự bảo vệ\n   Chủ thể dữ liệu có quyền tự bảo vệ theo quy định của Bộ luật Dân sự, luật khác có liên quan và Nghị định này, hoặc yêu cầu cơ quan, tổ chức có thẩm quyền thực hiện các phương thức bảo vệ quyền dân sự theo quy định tại Điều 11 Bộ luật Dân sự.\n\nĐiều 10. Nghĩa vụ của chủ thể dữ liệu\n1. Tự bảo vệ dữ liệu cá nhân của mình; yêu cầu các tổ chức, cá nhân khác có liên quan bảo vệ dữ liệu cá nhân của mình.\n2. Tôn trọng, bảo vệ dữ liệu cá nhân của người khác.\n3. Cung cấp đầy đủ, chính xác dữ liệu cá nhân khi động ý cho phép xử lý dữ liệu cá nhân.\n4. Tham gia tuyên truyền, phổ biến kỹ năng bảo vệ dữ liệu cá nhân.\n5. Thực hiện quy định của pháp luật về bảo vệ dữ liệu cá nhân và tham gia phòng, chống các hành vi vi phạm quy định về bảo vệ dữ liệu cá nhân.\n```"", ""# Điều 29. Cơ quan chuyển trách bảo vệ dữ liệu cá nhân và Công thông tin quốc gia về bảo vệ dữ liệu cá nhân\n\n\n1. Cơ quan chuyển trách bảo vệ dữ liệu cá nhân là Cục An ninh mạng và phòng, chống tội phạm sử dụng công nghệ cao - Bộ Công an, có trách nhiệm giúp Bộ Công an thực hiện quản lý nhà nước về bảo vệ dữ liệu cá nhân;\n\n2. Công thông tin quốc gia về bảo vệ dữ liệu cá nhân:\n\n   a) Cung cấp thông tin về chủ trương, đường lối, chính sách của Đảng, pháp luật của Nhà nước về bảo vệ dữ liệu cá nhân;\n\n   b) Tuyên truyền, phổ biến chính sách, pháp luật về bảo vệ dữ liệu cá nhân;\n\n   c) Cập nhật thông tin, tình hình bảo vệ dữ liệu cá nhân;\n\n   d) Tiếp nhận thông tin, hồ sơ, dữ liệu về hoạt động bảo vệ dữ liệu cá nhân qua không gian mạng;\n\n   e) Cung cấp thông tin về kết quả đánh giá công tác bảo vệ dữ liệu cá nhân của cơ quan, tổ chức, cá nhân có liên quan;\n\n   f) Tiếp nhận thông báo về phạm quy định về bảo vệ dữ liệu cá nhân;\n\n   g) Cảnh báo, phối hợp cảnh báo về nguy cơ, hành vi xâm phạm dữ liệu cá nhân theo quy định của pháp luật;\n\n   h) Xử lý vi phạm về bảo vệ dữ liệu cá nhân theo quy định của pháp luật;\n\n   i) Thực hiện hoạt động khác theo quy định của pháp luật về bảo vệ dữ liệu cá nhân."", ""## Điều 32. Trách nhiệm của Bộ Công an\n\n\n1. Giúp Chính phủ thống nhất thực hiện quản lý nhà nước về bảo vệ dữ liệu cá nhân.\n\n2. Hướng dẫn, triển khai hoạt động bảo vệ dữ liệu cá nhân, bảo vệ quyền của chủ thể dữ liệu trước các hành vi vi phạm quy định của pháp luật về bảo vệ dữ liệu cá nhân, đề xuất ban hành Tiêu chuẩn bảo vệ dữ liệu cá nhân và các khuyến nghị áp dụng.\n\n3. Xây dựng, quản lý, vận hành Công thông tin quốc gia về bảo vệ dữ liệu cá nhân.\n\n4. Đánh giá kết quả công tác bảo vệ dữ liệu cá nhân của cơ quan, tổ chức, cá nhân có liên quan.\n\n5. Tiếp nhận hồ sơ, biểu mẫu, thông tin về bảo vệ dữ liệu cá nhân theo quy định tại Nghị định này.\n\n6. Thúc đẩy các biện pháp và thực hiện nghiên cứu để đổi mới trong lĩnh vực bảo vệ dữ liệu cá nhân, triển khai hợp tác quốc tế về bảo vệ dữ liệu cá nhân.\n```""]","Chủ thể dữ liệu là tổ chức, cá nhân đồng thời quyết định mục đích, phương tiện và trực tiếp xử lý dữ liệu cá nhân.",simple
Cộng hòa xã hội chủ nghĩa Việt Nam có những quy định gì về bảo vệ dữ liệu cá nhân và trách nhiệm của các cơ quan liên quan trong việc thực hiện các quy định đó?,"Cộng hòa xã hội chủ nghĩa Việt Nam có các quy định về bảo vệ dữ liệu cá nhân như sau:

1. **Áp dụng Nghị định và luật liên quan**: Bảo vệ dữ liệu cá nhân theo quy định của Nghị định và các luật liên quan, cũng như các điều ước quốc tế mà Việt Nam là thành viên.

2. **Đối tượng áp dụng**: Nghị định áp dụng cho:
   - Cơ quan, tổ chức, cá nhân Việt Nam.
   - Cơ quan, tổ chức, cá nhân nước ngoài tại Việt Nam.
   - Cơ quan, tổ chức, cá nhân Việt Nam hoạt động tại nước ngoài.
   - Cơ quan, tổ chức, cá nhân nước ngoài liên quan đến xử lý dữ liệu cá nhân tại Việt Nam.

3. **Trách nhiệm bảo vệ dữ liệu**: Các cơ quan, tổ chức, cá nhân có trách nhiệm bảo vệ dữ liệu cá nhân theo quy định của Nghị định.

4. **Hành vi bị nghiêm cấm**: Bao gồm xử","[""## Điều 6. Áp dụng Nghị định bảo vệ dữ liệu cá nhân, các luật liên quan và Điều ước quốc tế\n\nViệc bảo vệ dữ liệu cá nhân được thực hiện theo quy định các điều ước quốc tế mà nước Cộng hòa xã hội chủ nghĩa Việt Nam là thành viên, các quy định khác của Luật có liên quan và Nghị định này."", ""### Điều 1. Phạm vi điều chỉnh và đối tượng áp dụng\n\n1. Nghị định này quy định về bảo vệ dữ liệu cá nhân và trách nhiệm bảo vệ dữ liệu cá nhân của cơ quan, tổ chức, cá nhân có liên quan.  \n2. Nghị định này áp dụng đối với:  \n   a) Cơ quan, tổ chức, cá nhân Việt Nam;  \n   b) Cơ quan, tổ chức, cá nhân nước ngoài tại Việt Nam;  \n   c) Cơ quan, tổ chức, cá nhân Việt Nam hoạt động tại nước ngoài;  \n   d) Cơ quan, tổ chức, cá nhân nước ngoài trực tiếp tham gia hoặc liên quan đến hoạt động xử lý dữ liệu cá nhân tại Việt Nam.  \n```"", ""## Điều 8. Hành vi bị nghiêm cấm\n\n1. Xử lý dữ liệu cá nhân trái với quy định của pháp luật về bảo vệ dữ liệu cá nhân.\n\n2. Xử lý dữ liệu cá nhân để tạo ra thông tin, dữ liệu nhằm chống lại Nhà nước Cộng hòa xã hội chủ nghĩa Việt Nam.\n\n3. Xử lý dữ liệu cá nhân để tạo ra thông tin, dữ liệu gây ảnh hưởng tới an ninh quốc gia, trật tự an toàn xã hội, quyền và lợi ích hợp pháp của tổ chức, cá nhân khác.\n\n4. Cản trở hoạt động bảo vệ dữ liệu cá nhân của cơ quan có thẩm quyền.\n\n5. Lợi dụng hoạt động bảo vệ dữ liệu cá nhân để vi phạm pháp luật.\n```""]","Cộng hòa xã hội chủ nghĩa Việt Nam thực hiện bảo vệ dữ liệu cá nhân theo các điều ước quốc tế mà nước này là thành viên, cùng với các quy định khác của Luật có liên quan và Nghị định bảo vệ dữ liệu cá nhân. Các cơ quan có trách nhiệm bao gồm việc thanh tra, kiểm tra việc thực hiện quy định của pháp luật về bảo vệ dữ liệu cá nhân, giải quyết khiếu nại, tố cáo và xử lý vi phạm pháp luật về bảo vệ dữ liệu cá nhân. Họ cũng phải thống kê, thông tin, báo cáo về tình hình bảo vệ dữ liệu cá nhân cho cơ quan nhà nước có thẩm quyền và hợp tác quốc tế về bảo vệ dữ liệu cá nhân.",simple
Điều 17 trong quy định về quyền của chủ thể dữ liệu có ý nghĩa gì và nó ảnh hưởng như thế nào đến quyền đồng ý của chủ thể dữ liệu?,"Điều 17 quy định các trường hợp mà dữ liệu cá nhân có thể được xử lý mà không cần sự đồng ý của chủ thể dữ liệu, bao gồm:

1. Khẩn cấp bảo vệ tính mạng, sức khỏe.
2. Công khai theo quy định của luật.
3. Xử lý bởi cơ quan nhà nước trong tình trạng khẩn cấp.
4. Thực hiện nghĩa vụ theo hợp đồng.
5. Hoạt động của cơ quan nhà nước theo luật chuyên ngành.

Điều này ảnh hưởng đến quyền đồng ý của chủ thể dữ liệu bằng cách cho phép xử lý dữ liệu mà không cần sự đồng ý trong những trường hợp cụ thể, làm giảm quyền kiểm soát của chủ thể đối với dữ liệu cá nhân của mình trong những tình huống khẩn cấp hoặc theo quy định pháp luật.","[""## Điều 17. Xử lý dữ liệu cá nhân trong trường hợp không cần sự đồng ý của chủ thể dữ liệu\n\n\n1. Trong trường hợp khẩn cấp, cần xử lý ngay dữ liệu cá nhân có liên quan để bảo vệ tính mạng, sức khỏe của chủ thể dữ liệu hoặc người khác. Bên Kiểm soát dữ liệu cá nhân, Bên Xử lý dữ liệu cá nhân, Bên Kiểm soát và xử lý dữ liệu cá nhân, Bên thứ ba có trách nhiệm chứng minh trường hợp này.\n\n2. Việc công khai dữ liệu cá nhân theo quy định của luật.\n\n3. Việc xử lý dữ liệu của cơ quan nhà nước có thẩm quyền trong trường hợp tình trạng khẩn cấp về quốc phòng, an ninh quốc gia, trật tự an toàn xã hội, thảm họa lớn, dịch bệnh nguy hiểm; khi có nguy cơ đe dọa an ninh, quốc phòng nhưng chưa đến mức ban bố tình trạng khẩn cấp; phòng, chống bạo loạn, khủng bố, phòng, chống tội phạm và vi phạm pháp luật theo quy định của luật.\n\n4. Để thực hiện nghĩa vụ theo hợp đồng của chủ thể dữ liệu với cơ quan, tổ chức, cá nhân có liên quan theo quy định của luật.\n\n5. Phục vụ hoạt động của cơ quan nhà nước đã được quy định theo luật chuyên ngành."", ""### Điều 9. Quyền của chủ thể dữ liệu\n\n\n1. **Quyền được biết**  \n   Chủ thể dữ liệu được biết về hoạt động xử lý dữ liệu cá nhân của mình, trừ trường hợp luật có quy định khác.\n\n2. **Quyền đồng ý**  \n   Chủ thể dữ liệu được đồng ý hoặc không đồng ý cho phép xử lý dữ liệu cá nhân của mình, trừ trường hợp quy định tại Điều 17 Nghị định này.\n\n3. **Quyền truy cập**  \n   Chủ thể dữ liệu được truy cập để xem, chỉnh sửa hoặc yêu cầu chỉnh sửa dữ liệu cá nhân của mình, trừ trường hợp luật có quy định khác.\n\n4. **Quyền rút lại sự đồng ý**  \n   Chủ thể dữ liệu được quyền rút lại sự đồng ý của mình, trừ trường hợp luật có quy định khác.\n\n5. **Quyền xóa dữ liệu**  \n   Chủ thể dữ liệu được xóa hoặc yêu cầu xóa dữ liệu cá nhân của mình, trừ trường hợp luật có quy định khác.\n\n6. **Quyền hạn chế xử lý dữ liệu**  \n   a) Chủ thể dữ liệu được yêu cầu hạn chế xử lý dữ liệu cá nhân của mình, trừ trường hợp luật có quy định khác;  \n   b) Việc hạn chế xử lý dữ liệu được thực hiện trong 72 giờ sau khi có yêu cầu của chủ thể dữ liệu, với toàn bộ dữ liệu cá nhân mà chủ thể dữ liệu yêu cầu hạn chế, trừ trường hợp luật có quy định khác.\n\n7. **Quyền cung cấp dữ liệu**  \n   Chủ thể dữ liệu được yêu cầu Bên Kiểm soát dữ liệu cá nhân, Bên Kiểm soát và xử lý dữ liệu cá nhân cung cấp cho bản thân dữ liệu cá nhân của mình, trừ trường hợp luật có quy định khác.\n```"", ""## Điều 12. Rút lại sự đồng ý\n\n\n1. Việc rút lại sự đồng ý không ảnh hưởng đến tính hợp pháp của việc xử lý dữ liệu đã được đồng ý trước khi rút lại sự đồng ý.\n\n2. Việc rút lại sự đồng ý phải được thể hiện ở một định dạng có thể được in, sao chép bằng văn bản, bao gồm cả dưới dạng điện tử hoặc định dạng kiên chứng được.\n\n3. Khi nhận yêu cầu rút lại sự đồng ý của chủ thể dữ liệu, Bên Kiểm soát dữ liệu cá nhân, Bên Kiểm soát và xử lý dữ liệu cá nhân thông báo cho chủ thể dữ liệu về hậu quả, thiệt hại có thể xảy ra khi rút lại sự đồng ý.\n\n4. Sau khi thực hiện quy định tại khoản 2 Điều này, Bên Kiểm soát dữ liệu, Bên Xử lý dữ liệu, Bên Kiểm soát và xử lý dữ liệu, Bên thứ ba phải ngừng và yêu cầu các tổ chức, cá nhân có liên quan ngừng xử lý dữ liệu của chủ thể dữ liệu đã rút lại sự đồng ý.""]","Điều 17 quy định rằng chủ thể dữ liệu có thể đồng ý hoặc không đồng ý cho phép xử lý dữ liệu cá nhân của mình, trừ trường hợp có quy định khác. Điều này có nghĩa là quyền đồng ý của chủ thể dữ liệu không phải lúc nào cũng là một yêu cầu bắt buộc, và có thể có những trường hợp mà việc xử lý dữ liệu cá nhân không cần sự đồng ý của họ.",simple
Nghị định này có quy định gì về quyền tự bảo vệ của chủ thể dữ liệu?,"Chủ thể dữ liệu có quyền tự bảo vệ theo quy định của Bộ luật Dân sự, luật khác có liên quan và Nghị định này, hoặc yêu cầu cơ quan, tổ chức có thẩm quyền thực hiện các phương thức bảo vệ quyền dân sự.","[""### Điều 9. Quyền của chủ thể dữ liệu\n\n\n1. **Quyền được biết**  \n   Chủ thể dữ liệu được biết về hoạt động xử lý dữ liệu cá nhân của mình, trừ trường hợp luật có quy định khác.\n\n2. **Quyền đồng ý**  \n   Chủ thể dữ liệu được đồng ý hoặc không đồng ý cho phép xử lý dữ liệu cá nhân của mình, trừ trường hợp quy định tại Điều 17 Nghị định này.\n\n3. **Quyền truy cập**  \n   Chủ thể dữ liệu được truy cập để xem, chỉnh sửa hoặc yêu cầu chỉnh sửa dữ liệu cá nhân của mình, trừ trường hợp luật có quy định khác.\n\n4. **Quyền rút lại sự đồng ý**  \n   Chủ thể dữ liệu được quyền rút lại sự đồng ý của mình, trừ trường hợp luật có quy định khác.\n\n5. **Quyền xóa dữ liệu**  \n   Chủ thể dữ liệu được xóa hoặc yêu cầu xóa dữ liệu cá nhân của mình, trừ trường hợp luật có quy định khác.\n\n6. **Quyền hạn chế xử lý dữ liệu**  \n   a) Chủ thể dữ liệu được yêu cầu hạn chế xử lý dữ liệu cá nhân của mình, trừ trường hợp luật có quy định khác;  \n   b) Việc hạn chế xử lý dữ liệu được thực hiện trong 72 giờ sau khi có yêu cầu của chủ thể dữ liệu, với toàn bộ dữ liệu cá nhân mà chủ thể dữ liệu yêu cầu hạn chế, trừ trường hợp luật có quy định khác.\n\n7. **Quyền cung cấp dữ liệu**  \n   Chủ thể dữ liệu được yêu cầu Bên Kiểm soát dữ liệu cá nhân, Bên Kiểm soát và xử lý dữ liệu cá nhân cung cấp cho bản thân dữ liệu cá nhân của mình, trừ trường hợp luật có quy định khác.\n```"", ""## Trang 8\n\n\n```markdown\n8. Quyền phân đối xử lý dữ liệu\n   a) Chủ thể dữ liệu được phân đối Bên Kiểm soát dữ liệu cá nhân, Bên Kiểm soát và xử lý dữ liệu cá nhân xử lý dữ liệu cá nhân của mình nhằm ngăn chặn hoặc hạn chế tiết lộ dữ liệu cá nhân hoặc sử dụng cho mục đích quảng cáo, tiếp thị, trừ trường hợp luật có quy định khác;\n   b) Bên Kiểm soát dữ liệu cá nhân, Bên Kiểm soát và xử lý dữ liệu cá nhân thực hiện yêu cầu của chủ thể dữ liệu trong 72 giờ sau khi nhận được yêu cầu, trừ trường hợp luật có quy định khác.\n\n9. Quyền khiếu nại, tố cáo, khởi kiện\n   Chủ thể dữ liệu có quyền khiếu nại, tố cáo hoặc khởi kiện theo quy định của pháp luật.\n\n10. Quyền yêu cầu bồi thường thiệt hại\n   Chủ thể dữ liệu có quyền yêu cầu bồi thường thiệt hại theo quy định của pháp luật khi xảy ra vi phạm quy định về bảo vệ dữ liệu cá nhân của mình, trừ trường hợp các bên có thỏa thuận khác hoặc luật có quy định khác.\n\n11. Quyền tự bảo vệ\n   Chủ thể dữ liệu có quyền tự bảo vệ theo quy định của Bộ luật Dân sự, luật khác có liên quan và Nghị định này, hoặc yêu cầu cơ quan, tổ chức có thẩm quyền thực hiện các phương thức bảo vệ quyền dân sự theo quy định tại Điều 11 Bộ luật Dân sự.\n\nĐiều 10. Nghĩa vụ của chủ thể dữ liệu\n1. Tự bảo vệ dữ liệu cá nhân của mình; yêu cầu các tổ chức, cá nhân khác có liên quan bảo vệ dữ liệu cá nhân của mình.\n2. Tôn trọng, bảo vệ dữ liệu cá nhân của người khác.\n3. Cung cấp đầy đủ, chính xác dữ liệu cá nhân khi động ý cho phép xử lý dữ liệu cá nhân.\n4. Tham gia tuyên truyền, phổ biến kỹ năng bảo vệ dữ liệu cá nhân.\n5. Thực hiện quy định của pháp luật về bảo vệ dữ liệu cá nhân và tham gia phòng, chống các hành vi vi phạm quy định về bảo vệ dữ liệu cá nhân.\n```"", ""## Trang 22\n\n\n```markdown\n2. Các biện pháp bảo vệ dữ liệu cá nhân, bao gồm:\n\n   a) Biện pháp quản lý do tổ chức, cá nhân có liên quan tới xử lý dữ liệu cá nhân thực hiện;\n\n   b) Biện pháp kỹ thuật do tổ chức, cá nhân có liên quan tới xử lý dữ liệu cá nhân thực hiện;\n\n   c) Biện pháp do cơ quan quản lý nhà nước có thẩm quyền thực hiện theo quy định của Nghị định này và pháp luật có liên quan;\n\n   d) Biện pháp điều tra, tố tụng do cơ quan nhà nước có thẩm quyền thực hiện;\n\n   e) Các biện pháp khác theo quy định của pháp luật.\n\nĐiều 27. Bảo vệ dữ liệu cá nhân cơ bản\n\n1. Áp dụng các biện pháp được quy định tại khoản 2 Điều 26 Nghị định này.\n\n2. Xây dựng, ban hành các quy định về bảo vệ dữ liệu cá nhân, nếu rõ những việc cần thực hiện theo quy định của Nghị định này.\n\n3. Khuyến khích áp dụng các tiêu chuẩn bảo vệ dữ liệu cá nhân phù hợp với lĩnh vực, ngành nghề, hoạt động có liên quan tới xử lý dữ liệu cá nhân.\n\n4. Kiểm tra an ninh mạng đối với hệ thống và phương tiện, thiết bị phục vụ xử lý dữ liệu cá nhân trước khi xử lý, xóa không thể khôi phục được hoặc hủy các thiết bị chứa dữ liệu cá nhân.\n\nĐiều 28. Bảo vệ dữ liệu cá nhân nhạy cảm\n\n1. Áp dụng các biện pháp được quy định tại khoản 2 Điều 26 và Điều 27 Nghị định này.\n\n2. Chỉ định bộ phận có chức năng bảo vệ dữ liệu cá nhân, chỉ định nhân sự phụ trách bảo vệ dữ liệu cá nhân và trao đổi thông tin về bộ phận và cá nhân phụ trách bảo vệ dữ liệu cá nhân với Cơ quan chủ quản trách bảo vệ dữ liệu cá nhân. Trường hợp Bên Kiểm soát dữ liệu cá nhân, Bên Kiểm soát và xử lý dữ liệu cá nhân, Bên Xử lý dữ liệu, Bên thứ ba là cá nhân trao đổi thông tin cá nhân thực hiện.\n\n3. Thông báo cho chủ thể dữ liệu biết việc dữ liệu cá nhân nhạy cảm của chủ thể dữ liệu được xử lý, trừ trường hợp quy định tại khoản 4 Điều 13, Điều 17 và Điều 18 Nghị định này.\n```""]","Nghị định này quy định rằng chủ thể dữ liệu có quyền tự bảo vệ theo quy định của Bộ luật Dân sự, luật khác có liên quan và Nghị định này, hoặc yêu cầu cơ quan, tổ chức có thẩm quyền thực hiện các phương thức bảo vệ quyền dân sự theo quy định tại Điều 11 Bộ luật Dân sự.",simple
What responsibilities does Bên Kiểm soát dữ liệu cá nhân have regarding personal data requests?,"Bên Kiểm soát dữ liệu cá nhân có các trách nhiệm sau:

1. Cung cấp dữ liệu cá nhân trong 72 giờ sau khi nhận yêu cầu từ chủ thể dữ liệu, trừ trường hợp pháp luật có quy định khác.
2. Không cung cấp dữ liệu cá nhân nếu:
   - Gây tổn hại tới quốc phòng, an ninh quốc gia, trật tự an toàn xã hội.
   - Ảnh hưởng tới sự an toàn, sức khỏe của người khác.
   - Chủ thể dữ liệu không đồng ý cung cấp.
3. Lập Biên bản xác nhận về hành vi vi phạm quy định bảo vệ dữ liệu cá nhân và phối hợp với Bộ Công an để xử lý vi phạm.","[""### Điều 14. Cung cấp dữ liệu cá nhân\n\n\n1. Chủ thể dữ liệu được yêu cầu Bên Kiểm soát dữ liệu cá nhân, Bên Kiểm soát và xử lý dữ liệu cá nhân cung cấp bản thân dữ liệu cá nhân của mình.\n\n2. Bên Kiểm soát dữ liệu cá nhân, Bên Kiểm soát và xử lý dữ liệu cá nhân:\n\n   a) Được cung cấp dữ liệu cá nhân của chủ thể dữ liệu cho tổ chức, cá nhân khác khi có sự đồng ý của chủ thể dữ liệu, trừ trường hợp pháp luật có quy định khác;\n\n   b) Thay mặt chủ thể dữ liệu cung cấp dữ liệu cá nhân của chủ thể dữ liệu cho tổ chức khác cá nhân khác khi chủ thể dữ liệu đồng ý cho phép đại diện và ủy quyền, trừ trường hợp pháp luật có quy định khác.\n\n3. Việc cung cấp dữ liệu cá nhân của chủ thể dữ liệu được Bên Kiểm soát dữ liệu cá nhân, Bên Kiểm soát và xử lý dữ liệu cá nhân thực hiện trong 72 giờ sau khi có yêu cầu của chủ thể dữ liệu, trừ trường hợp pháp luật có quy định khác.\n\n4. Bên Kiểm soát dữ liệu cá nhân, Bên Kiểm soát và xử lý dữ liệu cá nhân không cung cấp dữ liệu cá nhân trong trường hợp:\n\n   a) Gây tổn hại tới quốc phòng, an ninh quốc gia, trật tự an toàn xã hội;\n\n   b) Việc cung cấp dữ liệu cá nhân của chủ thể dữ liệu có thể ảnh hưởng tới sự an toàn, sức khỏe thể chất hoặc tinh thần của người khác;\n\n   c) Chủ thể dữ liệu không đồng ý cung cấp, cho phép đại diện hoặc ủy quyền nhận dữ liệu cá nhân.\n\n5. Hình thức yêu cầu cung cấp dữ liệu cá nhân:\n\n   a) Chủ thể dữ liệu trực tiếp hoặc ủy quyền cho người khác đến yêu cầu Bên Kiểm soát dữ liệu cá nhân, Bên Kiểm soát và xử lý dữ liệu cá nhân yêu cầu cung cấp dữ liệu cá nhân.\n```"", ""## Trang 18\n\n\n```markdown\n5. Bên Kiểm soát dữ liệu cá nhân, Bên Kiểm soát và xử lý dữ liệu cá nhân phải lập Biên bản xác nhận về việc xảy ra hành vi vi phạm quy định bảo vệ dữ liệu cá nhân, phối hợp với Bộ Công an (Cục An ninh mạng và phòng, chống tội phạm sử dụng công nghệ cao) xử lý hành vi vi phạm.\n\n6. Tổ chức, cá nhân thông báo cho Bộ Công an (Cục An ninh mạng và phòng, chống tội phạm sử dụng công nghệ cao) khi phát hiện các trường hợp sau:\n\n   a) Phát hiện hành vi vi phạm pháp luật đối với dữ liệu cá nhân;\n\n   b) Dữ liệu cá nhân bị xử lý sai mục đích, không đúng thoả thuận ban đầu giữa chủ thể dữ liệu và Bên Kiểm soát dữ liệu cá nhân, Bên Kiểm soát và xử lý dữ liệu cá nhân hoặc vi phạm quy định của pháp luật;\n\n   c) Không bảo đảm quyền của chủ thể dữ liệu không được thực hiện;\n\n   d) Trường hợp khác theo quy định của pháp luật.\n\nMục 3  \nĐÁNH GIÁ TÁC ĐỘNG  \nVÀ CHUYỂN DỮ LIỆU CÁ NHÂN RA NƯỚC NGOÀI\n\nĐiều 24. Đánh giá tác động xử lý dữ liệu cá nhân\n\n1. Bên Kiểm soát dữ liệu cá nhân, Bên Kiểm soát và xử lý dữ liệu cá nhân lập và lưu giữ Hồ sơ đánh giá tác động xử lý dữ liệu cá nhân của mình kể từ thời điểm bắt đầu xử lý dữ liệu cá nhân.\n\nHồ sơ đánh giá tác động xử lý dữ liệu cá nhân của Bên Kiểm soát dữ liệu cá nhân, Bên Kiểm soát và xử lý dữ liệu cá nhân, bao gồm:\n\n   a) Thông tin và chi tiết liên lạc của Bên Kiểm soát dữ liệu cá nhân, Bên Kiểm soát và xử lý dữ liệu cá nhân;\n\n   b) Họ tên, chi tiết liên lạc của tổ chức được phân công thực hiện nhiệm vụ bảo vệ dữ liệu cá nhân và nhân viên bảo vệ dữ liệu cá nhân của Bên Kiểm soát dữ liệu cá nhân, Bên Kiểm soát và xử lý dữ liệu cá nhân;\n\n   c) Mục đích xử lý dữ liệu cá nhân;\n\n   d) Các loại dữ liệu cá nhân được xử lý;\n\n   e) Tổ chức, cá nhân nhận dữ liệu cá nhân, bao gồm tổ chức, cá nhân ngoài lãnh thổ Việt Nam;\n\n   f) Trường hợp chuyển dữ liệu cá nhân ra nước ngoài;\n```"", ""## Điều 15. Chỉnh sửa dữ liệu cá nhân\n\n\n1. Chủ thể dữ liệu:\n\n   a) Được quyền cập nhật xem, chỉnh sửa dữ liệu cá nhân của mình sau khi đã được Bên Kiểm soát dữ liệu cá nhân, Bên Kiểm soát và xử lý dữ liệu cá nhân thu thập theo sự đồng ý, trừ trường hợp luật có quy định khác;\n\n   b) Trường hợp không thể chỉnh sửa trực tiếp vì lý do kỹ thuật hoặc lý do khác, chủ thể dữ liệu yêu cầu Bên Kiểm soát dữ liệu cá nhân, Bên Kiểm soát và xử lý dữ liệu cá nhân chỉnh sửa dữ liệu cá nhân của mình.\n\n2. Bên Kiểm soát dữ liệu cá nhân, Bên Kiểm soát và xử lý dữ liệu cá nhân chỉnh sửa dữ liệu cá nhân của chủ thể dữ liệu sau khi được chủ thể dữ liệu cá nhân đồng ý ngay khi có thể hoặc theo quy định của pháp luật chuyên ngành. Trường hợp không thể thực hiện thì thông báo cho chủ thể dữ liệu sau 72 giờ kể khi nhận được yêu cầu chỉnh sửa dữ liệu cá nhân của chủ thể dữ liệu.\n\n3. Bên Xử lý dữ liệu cá nhân, Bên thứ ba được chỉnh sửa dữ liệu cá nhân của chủ thể dữ liệu sau khi được Bên Kiểm soát dữ liệu cá nhân, Bên Kiểm soát và xử lý dữ liệu cá nhân đồng ý bằng văn bản và biết rõ ràng đã có sự đồng ý của chủ thể dữ liệu.""]","Bên Kiểm soát dữ liệu cá nhân is responsible for receiving requests for personal data, monitoring the process, and maintaining a list of personal data provided upon request. If the requested personal data is outside their authority, they must inform and guide the requesting organization or individual on how to obtain the personal data.",simple
Trong trường hợp nào dữ liệu cá nhân không được xóa theo quy định về an ninh quốc gia?,"Dữ liệu cá nhân không được xóa trong các trường hợp sau:

1. Khi có tình trạng khẩn cấp về quốc phòng, an ninh quốc gia, trật tự an toàn xã hội, thảm họa lớn, dịch bệnh nguy hiểm.
2. Khi có nguy cơ đe dọa an ninh, quốc phòng nhưng chưa đến mức ban bố tình trạng khẩn cấp.
3. Phòng, chống bạo loạn, khủng bố, phòng, chống tội phạm và vi phạm pháp luật.","[""## Trang 14\n\n\n```markdown\na) Pháp luật quy định không cho phép xóa dữ liệu;\n\nb) Dữ liệu cá nhân được xử lý bởi cơ quan nhà nước có thẩm quyền với mục đích phục vụ hoạt động của cơ quan nhà nước quy định của pháp luật;\n\nc) Dữ liệu cá nhân đã được công khai theo quy định của pháp luật;\n\nd) Dữ liệu cá nhân được xử lý nhằm phục vụ yêu cầu pháp lý, nghiên cứu khoa học, thống kê theo quy định của pháp luật;\n\nd) Trong trường hợp tình trạng khẩn cấp về quốc phòng, an ninh quốc gia, trật tự an toàn xã hội, thảm họa lớn, dịch bệnh nguy hiểm; khi có nguy cơ de dọa an ninh, quốc phòng nhưng chưa đến mức ban bố tình trạng khẩn cấp; phòng, chống bạo loạn, khủng bố, phòng, chống tội phạm và vi phạm pháp luật;\n\ne) Ứng phó với tình huống khẩn cấp de dọa đến tính mạng, sức khỏe hoặc sự an toàn của chủ thể dữ liệu hoặc cá nhân khác.\n\n3. Trường hợp doanh nghiệp chia, tách, sáp nhập, hợp nhất, giải thể thì dữ liệu cá nhân được chuyển giao theo quy định của pháp luật.\n\n4. Trường hợp chia, tách, sáp nhập cơ quan, tổ chức, đơn vị hành chính và nhân được chuyển giao theo quy định của pháp luật.\n\n5. Việc xóa dữ liệu được thực hiện trong 72 giờ sau khi có yêu cầu của chủ thể dữ liệu với toàn bộ dữ liệu cá nhân mà Bên Kiểm soát dữ liệu cá nhân, Bên Kiểm soát và xử lý dữ liệu cá nhân thu thập được, trừ trường hợp pháp luật có quy định khác.\n\n6. Bên Kiểm soát dữ liệu cá nhân, Bên Kiểm soát và xử lý dữ liệu cá nhân, Bên Xử lý dữ liệu cá nhân, Bên thứ ba lưu trữ dữ liệu cá nhân theo hình thức phù hợp với hoạt động của mình và có biện pháp bảo vệ dữ liệu cá nhân theo quy định của pháp luật.\n\n7. Bên Kiểm soát dữ liệu cá nhân, Bên Kiểm soát và xử lý dữ liệu cá nhân, Bên thứ ba xóa không thể khôi phục trong trường hợp:\n\na) Xử lý dữ liệu không đúng mục đích hoặc đã hoàn thành mục đích xử lý dữ liệu cá nhân được chủ thể dữ liệu đồng ý;\n\nb) Việc lưu trữ dữ liệu cá nhân không còn cần thiết với hoạt động của Bên Kiểm soát dữ liệu cá nhân, Bên Kiểm soát và xử lý dữ liệu cá nhân, Bên thứ ba;\n```"", ""## Điều 17. Xử lý dữ liệu cá nhân trong trường hợp không cần sự đồng ý của chủ thể dữ liệu\n\n\n1. Trong trường hợp khẩn cấp, cần xử lý ngay dữ liệu cá nhân có liên quan để bảo vệ tính mạng, sức khỏe của chủ thể dữ liệu hoặc người khác. Bên Kiểm soát dữ liệu cá nhân, Bên Xử lý dữ liệu cá nhân, Bên Kiểm soát và xử lý dữ liệu cá nhân, Bên thứ ba có trách nhiệm chứng minh trường hợp này.\n\n2. Việc công khai dữ liệu cá nhân theo quy định của luật.\n\n3. Việc xử lý dữ liệu của cơ quan nhà nước có thẩm quyền trong trường hợp tình trạng khẩn cấp về quốc phòng, an ninh quốc gia, trật tự an toàn xã hội, thảm họa lớn, dịch bệnh nguy hiểm; khi có nguy cơ đe dọa an ninh, quốc phòng nhưng chưa đến mức ban bố tình trạng khẩn cấp; phòng, chống bạo loạn, khủng bố, phòng, chống tội phạm và vi phạm pháp luật theo quy định của luật.\n\n4. Để thực hiện nghĩa vụ theo hợp đồng của chủ thể dữ liệu với cơ quan, tổ chức, cá nhân có liên quan theo quy định của luật.\n\n5. Phục vụ hoạt động của cơ quan nhà nước đã được quy định theo luật chuyên ngành."", ""## Điều 16. Lưu trữ, xóa, hủy dữ liệu cá nhân\n\n\n1. Chủ thể dữ liệu được yêu cầu Bên Kiểm soát dữ liệu cá nhân, Bên Kiểm soát và xử lý dữ liệu cá nhân xóa dữ liệu cá nhân của mình trong các trường hợp sau:\n\n   a) Nhận thấy không còn cần thiết cho mục đích thu thập dữ đồng ý và chấp nhận các thiết hại có thể xảy ra khi yêu cầu xóa dữ liệu;\n\n   b) Rút lại sự đồng ý;\n\n   c) Phản đối việc xử lý dữ liệu và Bên Kiểm soát dữ liệu cá nhân, Bên Kiểm soát và xử lý dữ liệu cá nhân không có lý do chính đáng để tiếp tục xử lý;\n\n   d) Dữ liệu cá nhân được xử lý không đúng với mục đích đã đồng ý hoặc việc xử lý dữ liệu cá nhân là vi phạm quy định của pháp luật;\n\n   d) Dữ liệu cá nhân phải xóa theo quy định của pháp luật.\n\n2. Việc xóa dữ liệu sẽ không áp dụng khi có đề nghị của chủ thể dữ liệu trong các trường hợp:\n```""]","Dữ liệu cá nhân không được xóa trong trường hợp tình trạng khẩn cấp về quốc phòng, an ninh quốc gia, trật tự an toàn xã hội, thảm họa lớn, dịch bệnh nguy hiểm; khi có nguy cơ đe dọa an ninh, quốc phòng nhưng chưa đến mức ban bố tình trạng khẩn cấp; phòng, chống bạo loạn, khủng bố, phòng, chống tội phạm và vi phạm pháp luật.",simple
Vai trò của Bên thứ ba trong việc lưu trữ và xử lý dữ liệu cá nhân là gì?,Bên thứ ba có trách nhiệm lưu trữ dữ liệu cá nhân theo hình thức phù hợp với hoạt động của mình và thực hiện biện pháp bảo vệ dữ liệu cá nhân theo quy định của pháp luật. Họ cũng phải tuân thủ các quy định về xử lý dữ liệu cá nhân và xóa dữ liệu không thể khôi phục trong một số trường hợp nhất định.,"[""### Điều 41. Trách nhiệm của Bên thứ Ba\n\nThực hiện đầy đủ các quy định về trách nhiệm xử lý dữ liệu cá nhân theo quy định tại Nghị định này."", ""## Trang 14\n\n\n```markdown\na) Pháp luật quy định không cho phép xóa dữ liệu;\n\nb) Dữ liệu cá nhân được xử lý bởi cơ quan nhà nước có thẩm quyền với mục đích phục vụ hoạt động của cơ quan nhà nước quy định của pháp luật;\n\nc) Dữ liệu cá nhân đã được công khai theo quy định của pháp luật;\n\nd) Dữ liệu cá nhân được xử lý nhằm phục vụ yêu cầu pháp lý, nghiên cứu khoa học, thống kê theo quy định của pháp luật;\n\nd) Trong trường hợp tình trạng khẩn cấp về quốc phòng, an ninh quốc gia, trật tự an toàn xã hội, thảm họa lớn, dịch bệnh nguy hiểm; khi có nguy cơ de dọa an ninh, quốc phòng nhưng chưa đến mức ban bố tình trạng khẩn cấp; phòng, chống bạo loạn, khủng bố, phòng, chống tội phạm và vi phạm pháp luật;\n\ne) Ứng phó với tình huống khẩn cấp de dọa đến tính mạng, sức khỏe hoặc sự an toàn của chủ thể dữ liệu hoặc cá nhân khác.\n\n3. Trường hợp doanh nghiệp chia, tách, sáp nhập, hợp nhất, giải thể thì dữ liệu cá nhân được chuyển giao theo quy định của pháp luật.\n\n4. Trường hợp chia, tách, sáp nhập cơ quan, tổ chức, đơn vị hành chính và nhân được chuyển giao theo quy định của pháp luật.\n\n5. Việc xóa dữ liệu được thực hiện trong 72 giờ sau khi có yêu cầu của chủ thể dữ liệu với toàn bộ dữ liệu cá nhân mà Bên Kiểm soát dữ liệu cá nhân, Bên Kiểm soát và xử lý dữ liệu cá nhân thu thập được, trừ trường hợp pháp luật có quy định khác.\n\n6. Bên Kiểm soát dữ liệu cá nhân, Bên Kiểm soát và xử lý dữ liệu cá nhân, Bên Xử lý dữ liệu cá nhân, Bên thứ ba lưu trữ dữ liệu cá nhân theo hình thức phù hợp với hoạt động của mình và có biện pháp bảo vệ dữ liệu cá nhân theo quy định của pháp luật.\n\n7. Bên Kiểm soát dữ liệu cá nhân, Bên Kiểm soát và xử lý dữ liệu cá nhân, Bên thứ ba xóa không thể khôi phục trong trường hợp:\n\na) Xử lý dữ liệu không đúng mục đích hoặc đã hoàn thành mục đích xử lý dữ liệu cá nhân được chủ thể dữ liệu đồng ý;\n\nb) Việc lưu trữ dữ liệu cá nhân không còn cần thiết với hoạt động của Bên Kiểm soát dữ liệu cá nhân, Bên Kiểm soát và xử lý dữ liệu cá nhân, Bên thứ ba;\n```"", ""## Điều 16. Lưu trữ, xóa, hủy dữ liệu cá nhân\n\n\n1. Chủ thể dữ liệu được yêu cầu Bên Kiểm soát dữ liệu cá nhân, Bên Kiểm soát và xử lý dữ liệu cá nhân xóa dữ liệu cá nhân của mình trong các trường hợp sau:\n\n   a) Nhận thấy không còn cần thiết cho mục đích thu thập dữ đồng ý và chấp nhận các thiết hại có thể xảy ra khi yêu cầu xóa dữ liệu;\n\n   b) Rút lại sự đồng ý;\n\n   c) Phản đối việc xử lý dữ liệu và Bên Kiểm soát dữ liệu cá nhân, Bên Kiểm soát và xử lý dữ liệu cá nhân không có lý do chính đáng để tiếp tục xử lý;\n\n   d) Dữ liệu cá nhân được xử lý không đúng với mục đích đã đồng ý hoặc việc xử lý dữ liệu cá nhân là vi phạm quy định của pháp luật;\n\n   d) Dữ liệu cá nhân phải xóa theo quy định của pháp luật.\n\n2. Việc xóa dữ liệu sẽ không áp dụng khi có đề nghị của chủ thể dữ liệu trong các trường hợp:\n```""]",Bên thứ ba lưu trữ dữ liệu cá nhân theo hình thức phù hợp với hoạt động của mình và có biện pháp bảo vệ dữ liệu cá nhân theo quy định của pháp luật.,simple
What is the role of Cục An ninh mạng in data protection compliance?,"Cục An ninh mạng và phòng, chống tội phạm sử dụng công nghệ cao - Bộ Công an có trách nhiệm giúp Bộ Công an thực hiện quản lý nhà nước về bảo vệ dữ liệu cá nhân.","[""# Điều 29. Cơ quan chuyển trách bảo vệ dữ liệu cá nhân và Công thông tin quốc gia về bảo vệ dữ liệu cá nhân\n\n\n1. Cơ quan chuyển trách bảo vệ dữ liệu cá nhân là Cục An ninh mạng và phòng, chống tội phạm sử dụng công nghệ cao - Bộ Công an, có trách nhiệm giúp Bộ Công an thực hiện quản lý nhà nước về bảo vệ dữ liệu cá nhân;\n\n2. Công thông tin quốc gia về bảo vệ dữ liệu cá nhân:\n\n   a) Cung cấp thông tin về chủ trương, đường lối, chính sách của Đảng, pháp luật của Nhà nước về bảo vệ dữ liệu cá nhân;\n\n   b) Tuyên truyền, phổ biến chính sách, pháp luật về bảo vệ dữ liệu cá nhân;\n\n   c) Cập nhật thông tin, tình hình bảo vệ dữ liệu cá nhân;\n\n   d) Tiếp nhận thông tin, hồ sơ, dữ liệu về hoạt động bảo vệ dữ liệu cá nhân qua không gian mạng;\n\n   e) Cung cấp thông tin về kết quả đánh giá công tác bảo vệ dữ liệu cá nhân của cơ quan, tổ chức, cá nhân có liên quan;\n\n   f) Tiếp nhận thông báo về phạm quy định về bảo vệ dữ liệu cá nhân;\n\n   g) Cảnh báo, phối hợp cảnh báo về nguy cơ, hành vi xâm phạm dữ liệu cá nhân theo quy định của pháp luật;\n\n   h) Xử lý vi phạm về bảo vệ dữ liệu cá nhân theo quy định của pháp luật;\n\n   i) Thực hiện hoạt động khác theo quy định của pháp luật về bảo vệ dữ liệu cá nhân."", ""## THÔNG BÁO\n\n**GỬI HỒ SƠ ĐÁNH GIÁ TÁC ĐỘNG XỬ LÝ DỮ LIỆU CÁ NHÂN**\n\nKính gửi: Bộ Công an  \n(Cục An ninh mạng và phòng, chống tội phạm sử dụng công nghệ cao, Bộ Công an)\n\nThực hiện quy định về bảo vệ dữ liệu cá nhân, .......... gửi Bộ Công an Hồ sơ đánh giá tác động xử lý dữ liệu cá nhân, như sau:\n\n1. **Thông tin về tổ chức, doanh nghiệp**\n   - Tên tổ chức, doanh nghiệp: ..........................................\n   - Địa chỉ trụ sở chính: ...................................................\n   - Địa chỉ trụ sở giao dịch: .............................................\n   - Quyết định thành lập/Giấy chứng nhận đăng ký doanh nghiệp/Giấy chứng nhận đăng ký kinh doanh/Giấy chứng nhận đầu tư số: ....... do ....... cấp ngày ... tháng ... năm ... tại ...\n   - Điện thoại: ................. Website ...............................\n   - Nhân sự chịu trách nhiệm bảo vệ dữ liệu cá nhân: .......................\n\n   Họ và tên: ...............................................................\n   \n   Chức danh: ..............................................................\n   \n   Số điện thoại liên lạc (cố định và di động): ...............................\n   \n   Email: ...................................................................\n\n2. **Hồ sơ đánh giá tác động xử lý dữ liệu cá nhân**\n   1. ..........................................................................\n   2. ..........................................................................\n```"", ""## Trang 21\n\n\n```markdown\n3. Hồ sơ đánh giá tác động chuyển dữ liệu cá nhân ra nước ngoài phải luôn có sẵn để phục vụ hoạt động kiểm tra, đánh giá của Bộ Công an.\n\nBên chuyển dữ liệu ra nước ngoài gửi 01 bản chính hồ sơ tới Bộ Công an (Cục An ninh mạng và phòng, chống tội phạm sử dụng công nghệ cao) theo Mẫu số 06 tại Phụ lục của Nghị định này trong thời gian 60 ngày kể từ ngày tiến hành xử lý dữ liệu cá nhân.\n\n4. Bên chuyển dữ liệu thông báo gửi Bộ Công an (Cục An ninh mạng và phòng, chống tội phạm sử dụng công nghệ cao) thông tin về việc chuyển dữ liệu và chỉ tiết liên lạc của tổ chức, cá nhân phụ trách bằng văn bản sau khi việc chuyển dữ liệu diễn ra thành công.\n\n5. Bộ Công an (Cục An ninh mạng và phòng, chống tội phạm sử dụng công nghệ cao) đánh giá, yêu cầu Bên chuyển dữ liệu ra nước ngoài hoàn thiện Hồ sơ đánh giá tác động chuyển dữ liệu cá nhân ra nước ngoài trong trường hợp hồ sơ chưa đầy đủ và đúng quy định.\n\n6. Bên chuyển dữ liệu ra nước ngoài cập nhật, bổ sung Hồ sơ đánh giá tác động chuyển dữ liệu cá nhân ra nước ngoài khi có sự thay đổi về nội dung hồ sơ đã gửi cho Bộ Công an (Cục An ninh mạng và phòng, chống tội phạm sử dụng công nghệ cao) theo Mẫu số 05 tại Phụ lục của Nghị định này. Thời gian hoàn thiện hồ sơ dành cho Bên chuyển dữ liệu ra nước ngoài là 10 ngày kể từ ngày yêu cầu.\n\n7. Căn cứ tình hình cụ thể, Bộ Công an quyết định việc kiểm tra chuyển dữ liệu cá nhân ra nước ngoài 01 lần/năm, trừ trường hợp phát hiện hành vi vi phạm quy định của pháp luật về bảo vệ dữ liệu cá nhân tại Nghị định này hoặc để xảy ra sự cố lộ, mất dữ liệu cá nhân của công dân Việt Nam.\n\n8. Bộ Công an quyết định yêu cầu Bên chuyển dữ liệu ra nước ngoài ngừng chuyển dữ liệu cá nhân ra nước ngoài trong trường hợp:\n\na) Khi phát hiện dữ liệu cá nhân được chuyển được sử dụng vào hoạt động vi phạm lợi ích, an ninh quốc gia của nước Cộng hòa xã hội chủ nghĩa Việt Nam;\n\nb) Bên chuyển dữ liệu ra nước ngoài không chấp hành quy định tại khoản 5, điều này;\n\nc) Để xảy ra sự cố lộ, mất dữ liệu cá nhân của công dân Việt Nam.""]","Cục An ninh mạng is responsible for receiving notifications of violations regarding personal data protection regulations, which must be reported by the data controllers within 72 hours of the violation occurring.",simple
Cục An ninh mạng làm gì khi có vi phạm dữ liệu cá nhân?,"Cục An ninh mạng và phòng, chống tội phạm sử dụng công nghệ cao - Bộ Công an có trách nhiệm:

1. Nhận thông báo về vi phạm quy định bảo vệ dữ liệu cá nhân.
2. Phối hợp với Bên Kiểm soát dữ liệu cá nhân và Bên Kiểm soát và xử lý dữ liệu cá nhân để xử lý hành vi vi phạm.
3. Cảnh báo, phối hợp cảnh báo về nguy cơ, hành vi xâm phạm dữ liệu cá nhân.","[""## Điều 23. Thông báo vi phạm quy định về bảo vệ dữ liệu cá nhân\n\n\n1. Trường hợp phát hiện xảy ra vi phạm quy định bảo vệ dữ liệu cá nhân, Bên Kiểm soát dữ liệu cá nhân, Bên Kiểm soát và xử lý dữ liệu cá nhân thông báo cho Bộ Công an (Cục An ninh mạng và phòng, chống tội phạm sử dụng công nghệ cao) chậm nhất 72 giờ sau khi xảy ra hành vi vi phạm theo Mẫu số 03 tại Phụ lục của Nghị định này. Trường hợp thông báo sau 72 giờ thì phải kèm theo lý do thông báo chậm, muộn.\n\n2. Bên Xử lý dữ liệu cá nhân phải thông báo cho Bên Kiểm soát dữ liệu cá nhân một cách nhanh nhất có thể sau khi nhận thấy có sự vi phạm quy định về bảo vệ dữ liệu cá nhân.\n\n3. Nội dung thông báo vi phạm quy định về bảo vệ dữ liệu cá nhân:\n\n   a) Mô tả tính chất của việc vi phạm quy định bảo vệ dữ liệu cá nhân, bao gồm: thời gian, địa điểm, hành vi, tổ chức, cá nhân, các loại dữ liệu cá nhân và số lượng dữ liệu liên quan;\n\n   b) Chi tiết liên lạc của nhân viên được giao nhiệm vụ bảo vệ dữ liệu hoặc tổ chức, cá nhân chịu trách nhiệm bảo vệ dữ liệu cá nhân;\n\n   c) Mô tả tác hại, thiệt hại có thể xảy ra của việc vi phạm quy định bảo vệ dữ liệu cá nhân;\n\n   d) Mô tả các biện pháp được đưa ra để giải quyết, giảm thiểu tác hại của hành vi vi phạm quy định bảo vệ dữ liệu cá nhân.\n\n4. Trường hợp không thể thông báo đầy đủ các nội dung quy định tại khoản 3 Điều này, việc thông báo có thể được thực hiện theo từng đợt, từng giai đoạn.\n```"", ""# Điều 29. Cơ quan chuyển trách bảo vệ dữ liệu cá nhân và Công thông tin quốc gia về bảo vệ dữ liệu cá nhân\n\n\n1. Cơ quan chuyển trách bảo vệ dữ liệu cá nhân là Cục An ninh mạng và phòng, chống tội phạm sử dụng công nghệ cao - Bộ Công an, có trách nhiệm giúp Bộ Công an thực hiện quản lý nhà nước về bảo vệ dữ liệu cá nhân;\n\n2. Công thông tin quốc gia về bảo vệ dữ liệu cá nhân:\n\n   a) Cung cấp thông tin về chủ trương, đường lối, chính sách của Đảng, pháp luật của Nhà nước về bảo vệ dữ liệu cá nhân;\n\n   b) Tuyên truyền, phổ biến chính sách, pháp luật về bảo vệ dữ liệu cá nhân;\n\n   c) Cập nhật thông tin, tình hình bảo vệ dữ liệu cá nhân;\n\n   d) Tiếp nhận thông tin, hồ sơ, dữ liệu về hoạt động bảo vệ dữ liệu cá nhân qua không gian mạng;\n\n   e) Cung cấp thông tin về kết quả đánh giá công tác bảo vệ dữ liệu cá nhân của cơ quan, tổ chức, cá nhân có liên quan;\n\n   f) Tiếp nhận thông báo về phạm quy định về bảo vệ dữ liệu cá nhân;\n\n   g) Cảnh báo, phối hợp cảnh báo về nguy cơ, hành vi xâm phạm dữ liệu cá nhân theo quy định của pháp luật;\n\n   h) Xử lý vi phạm về bảo vệ dữ liệu cá nhân theo quy định của pháp luật;\n\n   i) Thực hiện hoạt động khác theo quy định của pháp luật về bảo vệ dữ liệu cá nhân."", ""## Trang 18\n\n\n```markdown\n5. Bên Kiểm soát dữ liệu cá nhân, Bên Kiểm soát và xử lý dữ liệu cá nhân phải lập Biên bản xác nhận về việc xảy ra hành vi vi phạm quy định bảo vệ dữ liệu cá nhân, phối hợp với Bộ Công an (Cục An ninh mạng và phòng, chống tội phạm sử dụng công nghệ cao) xử lý hành vi vi phạm.\n\n6. Tổ chức, cá nhân thông báo cho Bộ Công an (Cục An ninh mạng và phòng, chống tội phạm sử dụng công nghệ cao) khi phát hiện các trường hợp sau:\n\n   a) Phát hiện hành vi vi phạm pháp luật đối với dữ liệu cá nhân;\n\n   b) Dữ liệu cá nhân bị xử lý sai mục đích, không đúng thoả thuận ban đầu giữa chủ thể dữ liệu và Bên Kiểm soát dữ liệu cá nhân, Bên Kiểm soát và xử lý dữ liệu cá nhân hoặc vi phạm quy định của pháp luật;\n\n   c) Không bảo đảm quyền của chủ thể dữ liệu không được thực hiện;\n\n   d) Trường hợp khác theo quy định của pháp luật.\n\nMục 3  \nĐÁNH GIÁ TÁC ĐỘNG  \nVÀ CHUYỂN DỮ LIỆU CÁ NHÂN RA NƯỚC NGOÀI\n\nĐiều 24. Đánh giá tác động xử lý dữ liệu cá nhân\n\n1. Bên Kiểm soát dữ liệu cá nhân, Bên Kiểm soát và xử lý dữ liệu cá nhân lập và lưu giữ Hồ sơ đánh giá tác động xử lý dữ liệu cá nhân của mình kể từ thời điểm bắt đầu xử lý dữ liệu cá nhân.\n\nHồ sơ đánh giá tác động xử lý dữ liệu cá nhân của Bên Kiểm soát dữ liệu cá nhân, Bên Kiểm soát và xử lý dữ liệu cá nhân, bao gồm:\n\n   a) Thông tin và chi tiết liên lạc của Bên Kiểm soát dữ liệu cá nhân, Bên Kiểm soát và xử lý dữ liệu cá nhân;\n\n   b) Họ tên, chi tiết liên lạc của tổ chức được phân công thực hiện nhiệm vụ bảo vệ dữ liệu cá nhân và nhân viên bảo vệ dữ liệu cá nhân của Bên Kiểm soát dữ liệu cá nhân, Bên Kiểm soát và xử lý dữ liệu cá nhân;\n\n   c) Mục đích xử lý dữ liệu cá nhân;\n\n   d) Các loại dữ liệu cá nhân được xử lý;\n\n   e) Tổ chức, cá nhân nhận dữ liệu cá nhân, bao gồm tổ chức, cá nhân ngoài lãnh thổ Việt Nam;\n\n   f) Trường hợp chuyển dữ liệu cá nhân ra nước ngoài;\n```""]",Cục An ninh mạng phối hợp với Bên Kiểm soát dữ liệu cá nhân và Bên Kiểm soát và xử lý dữ liệu cá nhân để xử lý hành vi vi phạm quy định bảo vệ dữ liệu cá nhân.,simple
Bên Kiểm soát dữ liệu cá nhân có vai trò gì trong việc bảo vệ dữ liệu cá nhân?,"Bên Kiểm soát dữ liệu cá nhân có vai trò:

1. Thực hiện biện pháp bảo mật và an toàn cho dữ liệu cá nhân.
2. Ghi lại và lưu trữ nhật ký xử lý dữ liệu cá nhân.
3. Thông báo vi phạm quy định về bảo vệ dữ liệu cá nhân.
4. Lựa chọn Bên Xử lý dữ liệu cá nhân phù hợp.
5. Bảo đảm quyền của chủ thể dữ liệu.
6. Chịu trách nhiệm về thiệt hại do xử lý dữ liệu cá nhân.
7. Phối hợp với cơ quan nhà nước trong bảo vệ dữ liệu cá nhân.","[""# Điều 38. Trách nhiệm của Bên Kiểm soát dữ liệu cá nhân\n\n\n1. Thực hiện các biện pháp tổ chức và kỹ thuật cùng các biện pháp an toàn, bảo mật phù hợp để chứng minh các hoạt động xử lý dữ liệu cá nhân được thực hiện theo quy định của pháp luật về bảo vệ dữ liệu cá nhân, rà soát và cập nhật các biện pháp này khi cần thiết.\n\n2. Ghi lại và lưu trữ nhật ký hệ thống quá trình xử lý dữ liệu cá nhân.\n\n3. Thông báo hành vi vi phạm quy định về bảo vệ dữ liệu cá nhân theo quy định tại Điều 23 Nghị định này.\n\n4. Lựa chọn Bên Xử lý dữ liệu cá nhân phù hợp với nhiệm vụ rõ ràng và chi làm việc với Bên Xử lý dữ liệu cá nhân có các biện pháp bảo vệ phù hợp.\n\n5. Bảo đảm các quyền của chủ thể dữ liệu theo quy định tại Điều 9 Nghị định này.\n\n6. Bên Kiểm soát dữ liệu cá nhân chịu trách nhiệm trước chủ thể dữ liệu về các thiệt hại do quá trình xử lý dữ liệu cá nhân gây ra.\n\n7. Phối hợp với Bộ Công an, cơ quan nhà nước có thẩm quyền trong bảo vệ dữ liệu cá nhân, cung cấp thông tin phục vụ điều tra, xử lý hành vi vi phạm quy định của pháp luật về bảo vệ dữ liệu cá nhân."", ""## Trang 18\n\n\n```markdown\n5. Bên Kiểm soát dữ liệu cá nhân, Bên Kiểm soát và xử lý dữ liệu cá nhân phải lập Biên bản xác nhận về việc xảy ra hành vi vi phạm quy định bảo vệ dữ liệu cá nhân, phối hợp với Bộ Công an (Cục An ninh mạng và phòng, chống tội phạm sử dụng công nghệ cao) xử lý hành vi vi phạm.\n\n6. Tổ chức, cá nhân thông báo cho Bộ Công an (Cục An ninh mạng và phòng, chống tội phạm sử dụng công nghệ cao) khi phát hiện các trường hợp sau:\n\n   a) Phát hiện hành vi vi phạm pháp luật đối với dữ liệu cá nhân;\n\n   b) Dữ liệu cá nhân bị xử lý sai mục đích, không đúng thoả thuận ban đầu giữa chủ thể dữ liệu và Bên Kiểm soát dữ liệu cá nhân, Bên Kiểm soát và xử lý dữ liệu cá nhân hoặc vi phạm quy định của pháp luật;\n\n   c) Không bảo đảm quyền của chủ thể dữ liệu không được thực hiện;\n\n   d) Trường hợp khác theo quy định của pháp luật.\n\nMục 3  \nĐÁNH GIÁ TÁC ĐỘNG  \nVÀ CHUYỂN DỮ LIỆU CÁ NHÂN RA NƯỚC NGOÀI\n\nĐiều 24. Đánh giá tác động xử lý dữ liệu cá nhân\n\n1. Bên Kiểm soát dữ liệu cá nhân, Bên Kiểm soát và xử lý dữ liệu cá nhân lập và lưu giữ Hồ sơ đánh giá tác động xử lý dữ liệu cá nhân của mình kể từ thời điểm bắt đầu xử lý dữ liệu cá nhân.\n\nHồ sơ đánh giá tác động xử lý dữ liệu cá nhân của Bên Kiểm soát dữ liệu cá nhân, Bên Kiểm soát và xử lý dữ liệu cá nhân, bao gồm:\n\n   a) Thông tin và chi tiết liên lạc của Bên Kiểm soát dữ liệu cá nhân, Bên Kiểm soát và xử lý dữ liệu cá nhân;\n\n   b) Họ tên, chi tiết liên lạc của tổ chức được phân công thực hiện nhiệm vụ bảo vệ dữ liệu cá nhân và nhân viên bảo vệ dữ liệu cá nhân của Bên Kiểm soát dữ liệu cá nhân, Bên Kiểm soát và xử lý dữ liệu cá nhân;\n\n   c) Mục đích xử lý dữ liệu cá nhân;\n\n   d) Các loại dữ liệu cá nhân được xử lý;\n\n   e) Tổ chức, cá nhân nhận dữ liệu cá nhân, bao gồm tổ chức, cá nhân ngoài lãnh thổ Việt Nam;\n\n   f) Trường hợp chuyển dữ liệu cá nhân ra nước ngoài;\n```"", ""### Điều 14. Cung cấp dữ liệu cá nhân\n\n\n1. Chủ thể dữ liệu được yêu cầu Bên Kiểm soát dữ liệu cá nhân, Bên Kiểm soát và xử lý dữ liệu cá nhân cung cấp bản thân dữ liệu cá nhân của mình.\n\n2. Bên Kiểm soát dữ liệu cá nhân, Bên Kiểm soát và xử lý dữ liệu cá nhân:\n\n   a) Được cung cấp dữ liệu cá nhân của chủ thể dữ liệu cho tổ chức, cá nhân khác khi có sự đồng ý của chủ thể dữ liệu, trừ trường hợp pháp luật có quy định khác;\n\n   b) Thay mặt chủ thể dữ liệu cung cấp dữ liệu cá nhân của chủ thể dữ liệu cho tổ chức khác cá nhân khác khi chủ thể dữ liệu đồng ý cho phép đại diện và ủy quyền, trừ trường hợp pháp luật có quy định khác.\n\n3. Việc cung cấp dữ liệu cá nhân của chủ thể dữ liệu được Bên Kiểm soát dữ liệu cá nhân, Bên Kiểm soát và xử lý dữ liệu cá nhân thực hiện trong 72 giờ sau khi có yêu cầu của chủ thể dữ liệu, trừ trường hợp pháp luật có quy định khác.\n\n4. Bên Kiểm soát dữ liệu cá nhân, Bên Kiểm soát và xử lý dữ liệu cá nhân không cung cấp dữ liệu cá nhân trong trường hợp:\n\n   a) Gây tổn hại tới quốc phòng, an ninh quốc gia, trật tự an toàn xã hội;\n\n   b) Việc cung cấp dữ liệu cá nhân của chủ thể dữ liệu có thể ảnh hưởng tới sự an toàn, sức khỏe thể chất hoặc tinh thần của người khác;\n\n   c) Chủ thể dữ liệu không đồng ý cung cấp, cho phép đại diện hoặc ủy quyền nhận dữ liệu cá nhân.\n\n5. Hình thức yêu cầu cung cấp dữ liệu cá nhân:\n\n   a) Chủ thể dữ liệu trực tiếp hoặc ủy quyền cho người khác đến yêu cầu Bên Kiểm soát dữ liệu cá nhân, Bên Kiểm soát và xử lý dữ liệu cá nhân yêu cầu cung cấp dữ liệu cá nhân.\n```""]","Bên Kiểm soát dữ liệu cá nhân có trách nhiệm lập và lưu giữ Hồ sơ đánh giá tác động xử lý dữ liệu cá nhân, bao gồm thông tin và chi tiết liên lạc của họ, mục đích xử lý dữ liệu cá nhân, các loại dữ liệu cá nhân được xử lý, và các biện pháp bảo vệ dữ liệu cá nhân được áp dụng.",simple
Bộ Công an có vai trò gì trong việc đánh giá tác động xử lý dữ liệu cá nhân?,"Bộ Công an có vai trò đánh giá, yêu cầu Bên Kiểm soát dữ liệu cá nhân và Bên Xử lý dữ liệu cá nhân trong việc thực hiện hồ sơ đánh giá tác động xử lý dữ liệu cá nhân. Hồ sơ này phải luôn có sẵn để phục vụ hoạt động kiểm tra, đánh giá của Bộ Công an và Cục An ninh mạng và phòng, chống tội phạm sử dụng công nghệ cao.","[""## Điều 32. Trách nhiệm của Bộ Công an\n\n\n1. Giúp Chính phủ thống nhất thực hiện quản lý nhà nước về bảo vệ dữ liệu cá nhân.\n\n2. Hướng dẫn, triển khai hoạt động bảo vệ dữ liệu cá nhân, bảo vệ quyền của chủ thể dữ liệu trước các hành vi vi phạm quy định của pháp luật về bảo vệ dữ liệu cá nhân, đề xuất ban hành Tiêu chuẩn bảo vệ dữ liệu cá nhân và các khuyến nghị áp dụng.\n\n3. Xây dựng, quản lý, vận hành Công thông tin quốc gia về bảo vệ dữ liệu cá nhân.\n\n4. Đánh giá kết quả công tác bảo vệ dữ liệu cá nhân của cơ quan, tổ chức, cá nhân có liên quan.\n\n5. Tiếp nhận hồ sơ, biểu mẫu, thông tin về bảo vệ dữ liệu cá nhân theo quy định tại Nghị định này.\n\n6. Thúc đẩy các biện pháp và thực hiện nghiên cứu để đổi mới trong lĩnh vực bảo vệ dữ liệu cá nhân, triển khai hợp tác quốc tế về bảo vệ dữ liệu cá nhân.\n```"", ""## THÔNG BÁO\n\n**GỬI HỒ SƠ ĐÁNH GIÁ TÁC ĐỘNG XỬ LÝ DỮ LIỆU CÁ NHÂN**\n\nKính gửi: Bộ Công an  \n(Cục An ninh mạng và phòng, chống tội phạm sử dụng công nghệ cao, Bộ Công an)\n\nThực hiện quy định về bảo vệ dữ liệu cá nhân, .......... gửi Bộ Công an Hồ sơ đánh giá tác động xử lý dữ liệu cá nhân, như sau:\n\n1. **Thông tin về tổ chức, doanh nghiệp**\n   - Tên tổ chức, doanh nghiệp: ..........................................\n   - Địa chỉ trụ sở chính: ...................................................\n   - Địa chỉ trụ sở giao dịch: .............................................\n   - Quyết định thành lập/Giấy chứng nhận đăng ký doanh nghiệp/Giấy chứng nhận đăng ký kinh doanh/Giấy chứng nhận đầu tư số: ....... do ....... cấp ngày ... tháng ... năm ... tại ...\n   - Điện thoại: ................. Website ...............................\n   - Nhân sự chịu trách nhiệm bảo vệ dữ liệu cá nhân: .......................\n\n   Họ và tên: ...............................................................\n   \n   Chức danh: ..............................................................\n   \n   Số điện thoại liên lạc (cố định và di động): ...............................\n   \n   Email: ...................................................................\n\n2. **Hồ sơ đánh giá tác động xử lý dữ liệu cá nhân**\n   1. ..........................................................................\n   2. ..........................................................................\n```"", ""## Trang 19\n\n\n```markdown\ng) Thời gian xử lý dữ liệu cá nhân; thời gian dự kiến để xóa, hủy dữ liệu cá nhân (nếu có);\n\nh) Mô tả về các biện pháp bảo vệ dữ liệu cá nhân được áp dụng;\n\ni) Đánh giá mức độ ảnh hưởng của việc xử lý dữ liệu cá nhân; hậu quả, thiệt hại không mong muốn có khả năng xảy ra, các biện pháp giảm thiểu hoặc loại bỏ nguy cơ, tác hại đó.\n\n2. Bên Xử lý dữ liệu cá nhân tiến hành lập và lưu giữ Hồ sơ đánh giá tác động xử lý dữ liệu cá nhân trong trường hợp thực hiện hợp đồng với Bên Kiểm soát dữ liệu cá nhân. Hồ sơ đánh giá tác động xử lý dữ liệu cá nhân của Bên Xử lý dữ liệu cá nhân, bao gồm:\n\na) Thông tin và chi tiết liên lạc của Bên Xử lý dữ liệu cá nhân;\n\nb) Họ tên, chi tiết liên lạc của tổ chức được phân công thực hiện xử lý dữ liệu cá nhân và nhân viên thực hiện xử lý dữ liệu cá nhân của Bên Xử lý dữ liệu cá nhân;\n\nc) Mô tả các hoạt động xử lý và các loại dữ liệu cá nhân được xử lý theo hợp đồng với Bên Kiểm soát dữ liệu cá nhân;\n\nd) Thời gian xử lý dữ liệu cá nhân; thời gian dự kiến để xóa, hủy dữ liệu cá nhân (nếu có);\n\ne) Trường hợp chuyển dữ liệu cá nhân ra nước ngoài;\n\nf) Mô tả chung về các biện pháp bảo vệ dữ liệu cá nhân được áp dụng;\n\ng) Hậu quả, thiệt hại không mong muốn có khả năng xảy ra, các biện pháp giảm thiểu hoặc loại bỏ nguy cơ, tác hại đó.\n\n3. Hồ sơ đánh giá tác động xử lý dữ liệu cá nhân quy định tại khoản 1 và khoản 2 Điều này được xác lập bằng văn bản có giá trị pháp lý của Bên Kiểm soát dữ liệu cá nhân, Bên Kiểm soát và xử lý dữ liệu cá nhân hoặc Bên Xử lý dữ liệu cá nhân.\n\n4. Hồ sơ đánh giá tác động xử lý dữ liệu cá nhân phải luôn có sẵn để phục vụ hoạt động kiểm tra, đánh giá của Bộ Công an và Cục An ninh mạng và phòng, chống tội phạm sử dụng công nghệ cao) 01 bản chính theo Mẫu số 04 tại Phụ lục của Nghị định này trong thời gian 60 ngày kể từ ngày tiến hành xử lý dữ liệu cá nhân.\n\n5. Bộ Công an (Cục An ninh mạng và phòng, chống tội phạm sử dụng công nghệ cao) đánh giá, yêu cầu Bên Kiểm soát dữ liệu cá nhân, Bên Kiểm soát và\n```""]","Bộ Công an có trách nhiệm đánh giá và yêu cầu Bên Kiểm soát dữ liệu cá nhân, Bên Kiểm soát và xử lý dữ liệu cá nhân, Bên Xử lý dữ liệu cá nhân hoàn thiện Hồ sơ đánh giá tác động xử lý dữ liệu cá nhân trong trường hợp hồ sơ chưa đầy đủ và đúng quy định.",simple
Cục An ninh mạng là gì và có trách nhiệm gì trong việc chuyển dữ liệu cá nhân?,"Cục An ninh mạng và phòng, chống tội phạm sử dụng công nghệ cao - Bộ Công an là cơ quan chuyển trách bảo vệ dữ liệu cá nhân. Cơ quan này có trách nhiệm giúp Bộ Công an thực hiện quản lý nhà nước về bảo vệ dữ liệu cá nhân, bao gồm việc kiểm tra, đánh giá hồ sơ chuyển dữ liệu cá nhân ra nước ngoài và yêu cầu bên chuyển dữ liệu hoàn thiện hồ sơ nếu chưa đầy đủ.","[""# Điều 29. Cơ quan chuyển trách bảo vệ dữ liệu cá nhân và Công thông tin quốc gia về bảo vệ dữ liệu cá nhân\n\n\n1. Cơ quan chuyển trách bảo vệ dữ liệu cá nhân là Cục An ninh mạng và phòng, chống tội phạm sử dụng công nghệ cao - Bộ Công an, có trách nhiệm giúp Bộ Công an thực hiện quản lý nhà nước về bảo vệ dữ liệu cá nhân;\n\n2. Công thông tin quốc gia về bảo vệ dữ liệu cá nhân:\n\n   a) Cung cấp thông tin về chủ trương, đường lối, chính sách của Đảng, pháp luật của Nhà nước về bảo vệ dữ liệu cá nhân;\n\n   b) Tuyên truyền, phổ biến chính sách, pháp luật về bảo vệ dữ liệu cá nhân;\n\n   c) Cập nhật thông tin, tình hình bảo vệ dữ liệu cá nhân;\n\n   d) Tiếp nhận thông tin, hồ sơ, dữ liệu về hoạt động bảo vệ dữ liệu cá nhân qua không gian mạng;\n\n   e) Cung cấp thông tin về kết quả đánh giá công tác bảo vệ dữ liệu cá nhân của cơ quan, tổ chức, cá nhân có liên quan;\n\n   f) Tiếp nhận thông báo về phạm quy định về bảo vệ dữ liệu cá nhân;\n\n   g) Cảnh báo, phối hợp cảnh báo về nguy cơ, hành vi xâm phạm dữ liệu cá nhân theo quy định của pháp luật;\n\n   h) Xử lý vi phạm về bảo vệ dữ liệu cá nhân theo quy định của pháp luật;\n\n   i) Thực hiện hoạt động khác theo quy định của pháp luật về bảo vệ dữ liệu cá nhân."", ""## Trang 21\n\n\n```markdown\n3. Hồ sơ đánh giá tác động chuyển dữ liệu cá nhân ra nước ngoài phải luôn có sẵn để phục vụ hoạt động kiểm tra, đánh giá của Bộ Công an.\n\nBên chuyển dữ liệu ra nước ngoài gửi 01 bản chính hồ sơ tới Bộ Công an (Cục An ninh mạng và phòng, chống tội phạm sử dụng công nghệ cao) theo Mẫu số 06 tại Phụ lục của Nghị định này trong thời gian 60 ngày kể từ ngày tiến hành xử lý dữ liệu cá nhân.\n\n4. Bên chuyển dữ liệu thông báo gửi Bộ Công an (Cục An ninh mạng và phòng, chống tội phạm sử dụng công nghệ cao) thông tin về việc chuyển dữ liệu và chỉ tiết liên lạc của tổ chức, cá nhân phụ trách bằng văn bản sau khi việc chuyển dữ liệu diễn ra thành công.\n\n5. Bộ Công an (Cục An ninh mạng và phòng, chống tội phạm sử dụng công nghệ cao) đánh giá, yêu cầu Bên chuyển dữ liệu ra nước ngoài hoàn thiện Hồ sơ đánh giá tác động chuyển dữ liệu cá nhân ra nước ngoài trong trường hợp hồ sơ chưa đầy đủ và đúng quy định.\n\n6. Bên chuyển dữ liệu ra nước ngoài cập nhật, bổ sung Hồ sơ đánh giá tác động chuyển dữ liệu cá nhân ra nước ngoài khi có sự thay đổi về nội dung hồ sơ đã gửi cho Bộ Công an (Cục An ninh mạng và phòng, chống tội phạm sử dụng công nghệ cao) theo Mẫu số 05 tại Phụ lục của Nghị định này. Thời gian hoàn thiện hồ sơ dành cho Bên chuyển dữ liệu ra nước ngoài là 10 ngày kể từ ngày yêu cầu.\n\n7. Căn cứ tình hình cụ thể, Bộ Công an quyết định việc kiểm tra chuyển dữ liệu cá nhân ra nước ngoài 01 lần/năm, trừ trường hợp phát hiện hành vi vi phạm quy định của pháp luật về bảo vệ dữ liệu cá nhân tại Nghị định này hoặc để xảy ra sự cố lộ, mất dữ liệu cá nhân của công dân Việt Nam.\n\n8. Bộ Công an quyết định yêu cầu Bên chuyển dữ liệu ra nước ngoài ngừng chuyển dữ liệu cá nhân ra nước ngoài trong trường hợp:\n\na) Khi phát hiện dữ liệu cá nhân được chuyển được sử dụng vào hoạt động vi phạm lợi ích, an ninh quốc gia của nước Cộng hòa xã hội chủ nghĩa Việt Nam;\n\nb) Bên chuyển dữ liệu ra nước ngoài không chấp hành quy định tại khoản 5, điều này;\n\nc) Để xảy ra sự cố lộ, mất dữ liệu cá nhân của công dân Việt Nam."", ""## Trang 20\n\n\n```markdown\nxử lý dữ liệu cá nhân, Bên Xử lý dữ liệu cá nhân hoàn thiện Hồ sơ đánh giá tác động xử lý dữ liệu cá nhân trong trường hợp hồ sơ chưa đầy đủ và đúng quy định.\n\n6. Bên Kiểm soát dữ liệu cá nhân, Bên Kiểm soát và xử lý dữ liệu cá nhân, Bên Xử lý dữ liệu cá nhân cập nhật, bổ sung Hồ sơ đánh giá tác động xử lý dữ liệu cá nhân khi có sự thay đổi về nội dung hồ sơ đã gửi cho Bộ Công an (Cục An ninh mạng và phòng, chống tội phạm sử dụng công nghệ cao) theo Mẫu số 05 tại Phụ lục của Nghị định này.\n\nĐiều 25. Chuyển dữ liệu cá nhân ra nước ngoài\n\n1. Dữ liệu cá nhân của công dân Việt Nam được chuyển ra nước ngoài trong trường hợp Bên chuyển dữ liệu ra nước ngoài lập Hồ sơ đánh giá tác động chuyển dữ liệu cá nhân ra nước ngoài và thực hiện các thủ tục theo quy định tại khoản 3, 4 và 5 Điều này. Bên chuyển dữ liệu ra nước ngoài bao gồm Bên Kiểm soát dữ liệu cá nhân, Bên Kiểm soát và xử lý dữ liệu cá nhân, Bên thứ ba.\n\n2. Hồ sơ đánh giá tác động chuyển dữ liệu cá nhân ra nước ngoài, gồm:\n\na) Thông tin và chi tiết liên lạc của Bên chuyển dữ liệu và Bên tiếp nhận dữ liệu cá nhân của công dân Việt Nam;\n\nb) Họ tên, các chi tiết liên lạc của tổ chức, cá nhân phụ trách của Bên chuyển dữ liệu có liên quan tới việc chuyển và tiếp nhận dữ liệu cá nhân của công dân Việt Nam;\n\nc) Mô tả và luận giải mục tiêu của các hoạt động xử lý dữ liệu cá nhân của Công dân Việt Nam sau khi được chuyển ra nước ngoài;\n\nd) Mô tả và làm rõ loại dữ liệu cá nhân chuyển ra nước ngoài;\n\ne) Mô tả và nếu rõ ràng tuân thủ quy định bảo vệ dữ liệu cá nhân tại Nghị định này, chi tiết các biện pháp bảo vệ dữ liệu cá nhân được áp dụng;\n\nf) Đánh giá mức độ ảnh hưởng của việc xử lý dữ liệu cá nhân; hậu quả, thiệt hại không mong muốn có khả năng xảy ra, các biện pháp giảm thiểu hoặc loại bỏ nguy cơ, tác hại đó;\n\ng) Sự đồng ý của chủ thể dữ liệu theo quy định tại Điều 11 Nghị định này trên cơ sở biết rõ cơ chế phản hồi, khiếu nại khi có sự cố hoặc yêu cầu phát sinh;\n\nh) Có văn bản thể hiện sự ràng buộc, trách nhiệm giữa các tổ chức, cá nhân chuyển và nhận dữ liệu cá nhân của Công dân Việt Nam về việc xử lý dữ liệu cá nhân.\n```""]","Cục An ninh mạng có trách nhiệm đánh giá và yêu cầu Bên chuyển dữ liệu ra nước ngoài hoàn thiện Hồ sơ đánh giá tác động chuyển dữ liệu cá nhân ra nước ngoài trong trường hợp hồ sơ chưa đầy đủ và đúng quy định. Họ cũng nhận thông tin về việc chuyển dữ liệu và chi tiết liên lạc của tổ chức, cá nhân phụ trách sau khi việc chuyển dữ liệu diễn ra thành công.",simple
"Trong bối cảnh bảo vệ dữ liệu cá nhân, những biện pháp nào được áp dụng để đảm bảo an toàn cho dữ liệu cá nhân trong suốt quá trình xử lý?","Các biện pháp bảo vệ dữ liệu cá nhân trong suốt quá trình xử lý bao gồm:

1. Thực hiện các biện pháp tổ chức và kỹ thuật bảo mật phù hợp.
2. Ghi lại và lưu trữ nhật ký hệ thống quá trình xử lý dữ liệu cá nhân.
3. Bảo vệ dữ liệu cá nhân trước các hành vi vi phạm quy định và phòng, chống sự mất mát, phá hủy hoặc thiệt hại.
4. Lưu trữ dữ liệu cá nhân trong khoảng thời gian phù hợp với mục đích xử lý.
5. Chứng minh sự tuân thủ các nguyên tắc xử lý dữ liệu.","[""# Điều 38. Trách nhiệm của Bên Kiểm soát dữ liệu cá nhân\n\n\n1. Thực hiện các biện pháp tổ chức và kỹ thuật cùng các biện pháp an toàn, bảo mật phù hợp để chứng minh các hoạt động xử lý dữ liệu cá nhân được thực hiện theo quy định của pháp luật về bảo vệ dữ liệu cá nhân, rà soát và cập nhật các biện pháp này khi cần thiết.\n\n2. Ghi lại và lưu trữ nhật ký hệ thống quá trình xử lý dữ liệu cá nhân.\n\n3. Thông báo hành vi vi phạm quy định về bảo vệ dữ liệu cá nhân theo quy định tại Điều 23 Nghị định này.\n\n4. Lựa chọn Bên Xử lý dữ liệu cá nhân phù hợp với nhiệm vụ rõ ràng và chi làm việc với Bên Xử lý dữ liệu cá nhân có các biện pháp bảo vệ phù hợp.\n\n5. Bảo đảm các quyền của chủ thể dữ liệu theo quy định tại Điều 9 Nghị định này.\n\n6. Bên Kiểm soát dữ liệu cá nhân chịu trách nhiệm trước chủ thể dữ liệu về các thiệt hại do quá trình xử lý dữ liệu cá nhân gây ra.\n\n7. Phối hợp với Bộ Công an, cơ quan nhà nước có thẩm quyền trong bảo vệ dữ liệu cá nhân, cung cấp thông tin phục vụ điều tra, xử lý hành vi vi phạm quy định của pháp luật về bảo vệ dữ liệu cá nhân."", ""### BIỆN PHÁP, ĐIỀU KIỆN BẢO ĐẢM BẢO VỆ DỮ LIỆU CÁ NHÂN\n\n\nĐiều 26. Biện pháp bảo vệ dữ liệu cá nhân\n1. Biện pháp bảo vệ dữ liệu cá nhân được áp dụng ngay từ khi bắt đầu vào trong suốt quá trình xử lý dữ liệu cá nhân.\n```"", ""## Trang 5\n\n\n```markdown\n6. Dữ liệu cá nhân được áp dụng các biện pháp bảo vệ, bảo mật trong quá trình xử lý, bao gồm cả việc bảo vệ trước các hành vi vi phạm quy định về bảo vệ dữ liệu cá nhân và phòng, chống sự mất mát, phá hủy hoặc thiệt hại do sự cố, sử dụng các biện pháp kỹ thuật.\n\n7. Dữ liệu cá nhân chỉ được lưu trữ trong khoảng thời gian phù hợp với mục đích xử lý dữ liệu, trừ trường hợp pháp luật có quy định khác.\n\n8. Bên Kiểm soát dữ liệu, Bên Kiểm soát và xử lý dữ liệu cá nhân phải chịu trách nhiệm tuân thủ các nguyên tắc xử lý dữ liệu được quy định tại khoản 1 Điều này và chứng minh sự tuân thủ của mình với các nguyên tắc xử lý dữ liệu đó.""]","Các biện pháp bảo vệ dữ liệu cá nhân được áp dụng ngay từ khi bắt đầu vào trong suốt quá trình xử lý dữ liệu cá nhân bao gồm: a) Biện pháp quản lý do tổ chức, cá nhân có liên quan tới xử lý dữ liệu cá nhân thực hiện; b) Biện pháp kỹ thuật do tổ chức, cá nhân có liên quan tới xử lý dữ liệu cá nhân thực hiện; c) Biện pháp do cơ quan quản lý nhà nước có thẩm quyền thực hiện theo quy định của Nghị định này và pháp luật có liên quan; d) Biện pháp điều tra, tố tụng do cơ quan nhà nước có thẩm quyền thực hiện; e) Các biện pháp khác theo quy định của pháp luật.",simple
What is the role of Cục An ninh mạng in data protection?,"Cục An ninh mạng và phòng, chống tội phạm sử dụng công nghệ cao - Bộ Công an có trách nhiệm giúp Bộ Công an thực hiện quản lý nhà nước về bảo vệ dữ liệu cá nhân.","[""# Điều 29. Cơ quan chuyển trách bảo vệ dữ liệu cá nhân và Công thông tin quốc gia về bảo vệ dữ liệu cá nhân\n\n\n1. Cơ quan chuyển trách bảo vệ dữ liệu cá nhân là Cục An ninh mạng và phòng, chống tội phạm sử dụng công nghệ cao - Bộ Công an, có trách nhiệm giúp Bộ Công an thực hiện quản lý nhà nước về bảo vệ dữ liệu cá nhân;\n\n2. Công thông tin quốc gia về bảo vệ dữ liệu cá nhân:\n\n   a) Cung cấp thông tin về chủ trương, đường lối, chính sách của Đảng, pháp luật của Nhà nước về bảo vệ dữ liệu cá nhân;\n\n   b) Tuyên truyền, phổ biến chính sách, pháp luật về bảo vệ dữ liệu cá nhân;\n\n   c) Cập nhật thông tin, tình hình bảo vệ dữ liệu cá nhân;\n\n   d) Tiếp nhận thông tin, hồ sơ, dữ liệu về hoạt động bảo vệ dữ liệu cá nhân qua không gian mạng;\n\n   e) Cung cấp thông tin về kết quả đánh giá công tác bảo vệ dữ liệu cá nhân của cơ quan, tổ chức, cá nhân có liên quan;\n\n   f) Tiếp nhận thông báo về phạm quy định về bảo vệ dữ liệu cá nhân;\n\n   g) Cảnh báo, phối hợp cảnh báo về nguy cơ, hành vi xâm phạm dữ liệu cá nhân theo quy định của pháp luật;\n\n   h) Xử lý vi phạm về bảo vệ dữ liệu cá nhân theo quy định của pháp luật;\n\n   i) Thực hiện hoạt động khác theo quy định của pháp luật về bảo vệ dữ liệu cá nhân."", ""## THÔNG BÁO\n\n**GỬI HỒ SƠ ĐÁNH GIÁ TÁC ĐỘNG XỬ LÝ DỮ LIỆU CÁ NHÂN**\n\nKính gửi: Bộ Công an  \n(Cục An ninh mạng và phòng, chống tội phạm sử dụng công nghệ cao, Bộ Công an)\n\nThực hiện quy định về bảo vệ dữ liệu cá nhân, .......... gửi Bộ Công an Hồ sơ đánh giá tác động xử lý dữ liệu cá nhân, như sau:\n\n1. **Thông tin về tổ chức, doanh nghiệp**\n   - Tên tổ chức, doanh nghiệp: ..........................................\n   - Địa chỉ trụ sở chính: ...................................................\n   - Địa chỉ trụ sở giao dịch: .............................................\n   - Quyết định thành lập/Giấy chứng nhận đăng ký doanh nghiệp/Giấy chứng nhận đăng ký kinh doanh/Giấy chứng nhận đầu tư số: ....... do ....... cấp ngày ... tháng ... năm ... tại ...\n   - Điện thoại: ................. Website ...............................\n   - Nhân sự chịu trách nhiệm bảo vệ dữ liệu cá nhân: .......................\n\n   Họ và tên: ...............................................................\n   \n   Chức danh: ..............................................................\n   \n   Số điện thoại liên lạc (cố định và di động): ...............................\n   \n   Email: ...................................................................\n\n2. **Hồ sơ đánh giá tác động xử lý dữ liệu cá nhân**\n   1. ..........................................................................\n   2. ..........................................................................\n```"", ""## Trang 21\n\n\n```markdown\n3. Hồ sơ đánh giá tác động chuyển dữ liệu cá nhân ra nước ngoài phải luôn có sẵn để phục vụ hoạt động kiểm tra, đánh giá của Bộ Công an.\n\nBên chuyển dữ liệu ra nước ngoài gửi 01 bản chính hồ sơ tới Bộ Công an (Cục An ninh mạng và phòng, chống tội phạm sử dụng công nghệ cao) theo Mẫu số 06 tại Phụ lục của Nghị định này trong thời gian 60 ngày kể từ ngày tiến hành xử lý dữ liệu cá nhân.\n\n4. Bên chuyển dữ liệu thông báo gửi Bộ Công an (Cục An ninh mạng và phòng, chống tội phạm sử dụng công nghệ cao) thông tin về việc chuyển dữ liệu và chỉ tiết liên lạc của tổ chức, cá nhân phụ trách bằng văn bản sau khi việc chuyển dữ liệu diễn ra thành công.\n\n5. Bộ Công an (Cục An ninh mạng và phòng, chống tội phạm sử dụng công nghệ cao) đánh giá, yêu cầu Bên chuyển dữ liệu ra nước ngoài hoàn thiện Hồ sơ đánh giá tác động chuyển dữ liệu cá nhân ra nước ngoài trong trường hợp hồ sơ chưa đầy đủ và đúng quy định.\n\n6. Bên chuyển dữ liệu ra nước ngoài cập nhật, bổ sung Hồ sơ đánh giá tác động chuyển dữ liệu cá nhân ra nước ngoài khi có sự thay đổi về nội dung hồ sơ đã gửi cho Bộ Công an (Cục An ninh mạng và phòng, chống tội phạm sử dụng công nghệ cao) theo Mẫu số 05 tại Phụ lục của Nghị định này. Thời gian hoàn thiện hồ sơ dành cho Bên chuyển dữ liệu ra nước ngoài là 10 ngày kể từ ngày yêu cầu.\n\n7. Căn cứ tình hình cụ thể, Bộ Công an quyết định việc kiểm tra chuyển dữ liệu cá nhân ra nước ngoài 01 lần/năm, trừ trường hợp phát hiện hành vi vi phạm quy định của pháp luật về bảo vệ dữ liệu cá nhân tại Nghị định này hoặc để xảy ra sự cố lộ, mất dữ liệu cá nhân của công dân Việt Nam.\n\n8. Bộ Công an quyết định yêu cầu Bên chuyển dữ liệu ra nước ngoài ngừng chuyển dữ liệu cá nhân ra nước ngoài trong trường hợp:\n\na) Khi phát hiện dữ liệu cá nhân được chuyển được sử dụng vào hoạt động vi phạm lợi ích, an ninh quốc gia của nước Cộng hòa xã hội chủ nghĩa Việt Nam;\n\nb) Bên chuyển dữ liệu ra nước ngoài không chấp hành quy định tại khoản 5, điều này;\n\nc) Để xảy ra sự cố lộ, mất dữ liệu cá nhân của công dân Việt Nam.""]",Cục An ninh mạng is responsible for assisting the Ministry of Public Security in managing state affairs related to personal data protection.,simple
What are the responsibilities of the government in data protection according to the regulations?,Không tìm thấy thông tin trong tài liệu.,"[""## Điều 13. Thông báo xử lý dữ liệu cá nhân\n\n\n1. Việc thông báo được thực hiện một lần trước khi tiến hành đối với hoạt động xử lý dữ liệu cá nhân.\n\n2. Nội dung thông báo cho chủ thể dữ liệu về xử lý dữ liệu cá nhân:\n\n   a) Mục đích xử lý;\n\n   b) Loại dữ liệu cá nhân được sử dụng có liên quan tới mục đích xử lý quy định tại điểm a khoản 2 Điều này;\n\n   c) Cách thức xử lý;\n\n   d) Thông tin về các tổ chức, cá nhân khác có liên quan tới mục đích xử lý quy định tại điểm a khoản 2 Điều này;\n\n   e) Hậu quả, thiệt hại không mong muốn có khả năng xảy ra;\n\n   f) Thời gian bắt đầu, thời gian kết thúc xử lý dữ liệu.\n\n3. Việc thông báo cho chủ thể dữ liệu phải được thể hiện ở một định dạng có thể được in, sao chép bằng văn bản, bao gồm cả dưới dạng điện tử hoặc định dạng kiên chứng được.\n```"", ""## Điều 12. Rút lại sự đồng ý\n\n\n1. Việc rút lại sự đồng ý không ảnh hưởng đến tính hợp pháp của việc xử lý dữ liệu đã được đồng ý trước khi rút lại sự đồng ý.\n\n2. Việc rút lại sự đồng ý phải được thể hiện ở một định dạng có thể được in, sao chép bằng văn bản, bao gồm cả dưới dạng điện tử hoặc định dạng kiên chứng được.\n\n3. Khi nhận yêu cầu rút lại sự đồng ý của chủ thể dữ liệu, Bên Kiểm soát dữ liệu cá nhân, Bên Kiểm soát và xử lý dữ liệu cá nhân thông báo cho chủ thể dữ liệu về hậu quả, thiệt hại có thể xảy ra khi rút lại sự đồng ý.\n\n4. Sau khi thực hiện quy định tại khoản 2 Điều này, Bên Kiểm soát dữ liệu, Bên Xử lý dữ liệu, Bên Kiểm soát và xử lý dữ liệu, Bên thứ ba phải ngừng và yêu cầu các tổ chức, cá nhân có liên quan ngừng xử lý dữ liệu của chủ thể dữ liệu đã rút lại sự đồng ý."", ""### Điều 11. Sự đồng ý của chủ thể dữ liệu\n\n\n1. Sự đồng ý của chủ thể dữ liệu được áp dụng đối với tất cả các hoạt động trong quy trình xử lý dữ liệu cá nhân, trừ trường hợp luật có quy định khác.\n\n2. Sự đồng ý của chủ thể dữ liệu chỉ có hiệu lực khi chủ thể dữ liệu tự nguyện và biết rõ các nội dung sau:\n   a) Loại dữ liệu cá nhân được xử lý;  \n   b) Mục đích xử lý dữ liệu cá nhân;  \n   c) Tổ chức, cá nhân được xử lý dữ liệu cá nhân;  \n   d) Các quyền, nghĩa vụ của chủ thể dữ liệu.  \n\n3. Sự đồng ý của chủ thể dữ liệu phải được thể hiện rõ ràng, cụ thể bằng văn bản, giọng nói, đánh dấu vào ô đồng ý, cú pháp đồng ý qua tin nhắn, chọn các thiết lập kỹ thuật đồng ý hoặc một hành động thể hiện được điều này.\n\n4. Sự đồng ý phải được tiến hành cho cùng mục đích. Khi có nhiều mục đích, Bên Kiểm soát dữ liệu cá nhân, Bên Kiểm soát và xử lý dữ liệu cá nhân liệt kê các mục đích để chủ thể dữ liệu đồng ý với một hoặc nhiều mục đích nêu ra.\n\n5. Sự đồng ý của chủ thể dữ liệu phải được thể hiện ở một định dạng có thể được in, sao chép bằng văn bản, bao gồm cả dưới dạng điện tử hoặc định dạng kiểm chứng được.\n\n6. Sự im lặng hoặc không phản hồi của chủ thể dữ liệu không được coi là sự đồng ý.\n\n7. Chủ thể dữ liệu có thể đồng ý một phần hoặc vối điều kiện kèm theo.\n\n8. Đối với xử lý dữ liệu cá nhân nhạy cảm, chủ thể dữ liệu phải được thông báo rằng dữ liệu cần sự đồng ý là dữ liệu cá nhân nhạy cảm.\n\n9. Sự đồng ý của chủ thể dữ liệu có hiệu lực cho tới khi chủ thể dữ liệu có quyết định khác hoặc khi cơ quan nhà nước có thẩm quyền yêu cầu bằng văn bản.\n\n10. Trong trường hợp có tranh chấp, trách nhiệm chứng minh sự đồng ý của chủ thể dữ liệu thuộc về Bên Kiểm soát dữ liệu cá nhân, Bên Kiểm soát và xử lý dữ liệu cá nhân.\n```""]","The government is responsible for ensuring compliance with data protection regulations, which includes warning and coordinating alerts about risks and violations of personal data as per legal requirements. Additionally, the government must manage the financial resources for data protection activities, which include state budget allocations and other legal funding sources.",simple
Bộ Khoa học và Công nghệ có trách nhiệm gì trong bảo vệ dữ liệu cá nhân?,"Bộ Khoa học và Công nghệ có trách nhiệm:

1. Phối hợp với Bộ Công an trong xây dựng Tiêu chuẩn bảo vệ dữ liệu cá nhân và khuyến nghị áp dụng.
2. Nghiên cứu, trao đổi với Bộ Công an về các biện pháp bảo vệ dữ liệu cá nhân theo kịp sự phát triển của khoa học, công nghệ.","[""### Điều 35. Trách nhiệm của Bộ Khoa học và Công nghệ\n\n1. Phối hợp với Bộ Công an trong xây dựng Tiêu chuẩn bảo vệ dữ liệu cá nhân và các khuyến nghị áp dụng Tiêu chuẩn bảo vệ dữ liệu cá nhân.\n2. Nghiên cứu, trao đổi với Bộ Công an về các biện pháp bảo vệ dữ liệu cá nhân theo kịp sự phát triển của khoa học, công nghệ."", ""### Điều 42. Trách nhiệm của tổ chức, cá nhân có liên quan\n\n1. Có biện pháp bảo vệ dữ liệu cá nhân của mình, chịu trách nhiệm về tính chính xác của dữ liệu cá nhân do mình cung cấp.\n\n2. Thực hiện quy định về bảo vệ dữ liệu cá nhân tại Nghị định này.\n\n3. Thông báo kịp thời cho Bộ Công an về những vi phạm liên quan tới hoạt động bảo vệ dữ liệu cá nhân.\n\n4. Phối hợp với Bộ Công an trong xử lý những vi phạm liên quan tới hoạt động bảo vệ dữ liệu cá nhân."", ""# Điều 29. Cơ quan chuyển trách bảo vệ dữ liệu cá nhân và Công thông tin quốc gia về bảo vệ dữ liệu cá nhân\n\n\n1. Cơ quan chuyển trách bảo vệ dữ liệu cá nhân là Cục An ninh mạng và phòng, chống tội phạm sử dụng công nghệ cao - Bộ Công an, có trách nhiệm giúp Bộ Công an thực hiện quản lý nhà nước về bảo vệ dữ liệu cá nhân;\n\n2. Công thông tin quốc gia về bảo vệ dữ liệu cá nhân:\n\n   a) Cung cấp thông tin về chủ trương, đường lối, chính sách của Đảng, pháp luật của Nhà nước về bảo vệ dữ liệu cá nhân;\n\n   b) Tuyên truyền, phổ biến chính sách, pháp luật về bảo vệ dữ liệu cá nhân;\n\n   c) Cập nhật thông tin, tình hình bảo vệ dữ liệu cá nhân;\n\n   d) Tiếp nhận thông tin, hồ sơ, dữ liệu về hoạt động bảo vệ dữ liệu cá nhân qua không gian mạng;\n\n   e) Cung cấp thông tin về kết quả đánh giá công tác bảo vệ dữ liệu cá nhân của cơ quan, tổ chức, cá nhân có liên quan;\n\n   f) Tiếp nhận thông báo về phạm quy định về bảo vệ dữ liệu cá nhân;\n\n   g) Cảnh báo, phối hợp cảnh báo về nguy cơ, hành vi xâm phạm dữ liệu cá nhân theo quy định của pháp luật;\n\n   h) Xử lý vi phạm về bảo vệ dữ liệu cá nhân theo quy định của pháp luật;\n\n   i) Thực hiện hoạt động khác theo quy định của pháp luật về bảo vệ dữ liệu cá nhân.""]","Bộ Khoa học và Công nghệ có trách nhiệm phối hợp với Bộ Công an trong xây dựng Tiêu chuẩn bảo vệ dữ liệu cá nhân và các khuyến nghị áp dụng Tiêu chuẩn bảo vệ dữ liệu cá nhân. Ngoài ra, Bộ cũng nghiên cứu, trao đổi với Bộ Công an về các biện pháp bảo vệ dữ liệu cá nhân.",simple
Bên Kiểm soát dữ liệu cá nhân có trách nhiệm gì?,"Bên Kiểm soát dữ liệu cá nhân có trách nhiệm:

1. Thực hiện đầy đủ các quy định về trách nhiệm của Bên Kiểm soát dữ liệu cá nhân và Bên Xử lý dữ liệu cá nhân.
2. Cung cấp bản thân dữ liệu cá nhân của chủ thể dữ liệu khi có yêu cầu.
3. Cung cấp dữ liệu cá nhân cho tổ chức, cá nhân khác khi có sự đồng ý của chủ thể dữ liệu.
4. Cung cấp dữ liệu cá nhân trong 72 giờ sau khi có yêu cầu, trừ trường hợp pháp luật có quy định khác.
5. Không cung cấp dữ liệu cá nhân trong một số trường hợp nhất định (gây tổn hại tới quốc phòng, an ninh, sức khỏe, hoặc không có sự đồng ý của chủ thể dữ liệu).","[""# Điều 39. Trách nhiệm của Bên Xử lý dữ liệu cá nhân\n\n\n1. Chỉ tiếp nhận dữ liệu cá nhân sau khi có hợp đồng hoặc thỏa thuận về xử lý dữ liệu với Bên Kiểm soát dữ liệu cá nhân.\n\n2. Xử lý dữ liệu cá nhân theo đúng hợp đồng hoặc thỏa thuận ký kết với Bên Kiểm soát dữ liệu cá nhân.\n\n3. Thực hiện đầy đủ các biện pháp bảo vệ dữ liệu cá nhân quy định tại Nghị định này và các văn bản pháp luật khác có liên quan.\n```"", ""### Điều 40. Trách nhiệm của Bên Kiểm soát và xử lý dữ liệu\n\nThực hiện đầy đủ các quy định về trách nhiệm của Bên Kiểm soát dữ liệu cá nhân và Bên Xử lý dữ liệu cá nhân."", ""### Điều 14. Cung cấp dữ liệu cá nhân\n\n\n1. Chủ thể dữ liệu được yêu cầu Bên Kiểm soát dữ liệu cá nhân, Bên Kiểm soát và xử lý dữ liệu cá nhân cung cấp bản thân dữ liệu cá nhân của mình.\n\n2. Bên Kiểm soát dữ liệu cá nhân, Bên Kiểm soát và xử lý dữ liệu cá nhân:\n\n   a) Được cung cấp dữ liệu cá nhân của chủ thể dữ liệu cho tổ chức, cá nhân khác khi có sự đồng ý của chủ thể dữ liệu, trừ trường hợp pháp luật có quy định khác;\n\n   b) Thay mặt chủ thể dữ liệu cung cấp dữ liệu cá nhân của chủ thể dữ liệu cho tổ chức khác cá nhân khác khi chủ thể dữ liệu đồng ý cho phép đại diện và ủy quyền, trừ trường hợp pháp luật có quy định khác.\n\n3. Việc cung cấp dữ liệu cá nhân của chủ thể dữ liệu được Bên Kiểm soát dữ liệu cá nhân, Bên Kiểm soát và xử lý dữ liệu cá nhân thực hiện trong 72 giờ sau khi có yêu cầu của chủ thể dữ liệu, trừ trường hợp pháp luật có quy định khác.\n\n4. Bên Kiểm soát dữ liệu cá nhân, Bên Kiểm soát và xử lý dữ liệu cá nhân không cung cấp dữ liệu cá nhân trong trường hợp:\n\n   a) Gây tổn hại tới quốc phòng, an ninh quốc gia, trật tự an toàn xã hội;\n\n   b) Việc cung cấp dữ liệu cá nhân của chủ thể dữ liệu có thể ảnh hưởng tới sự an toàn, sức khỏe thể chất hoặc tinh thần của người khác;\n\n   c) Chủ thể dữ liệu không đồng ý cung cấp, cho phép đại diện hoặc ủy quyền nhận dữ liệu cá nhân.\n\n5. Hình thức yêu cầu cung cấp dữ liệu cá nhân:\n\n   a) Chủ thể dữ liệu trực tiếp hoặc ủy quyền cho người khác đến yêu cầu Bên Kiểm soát dữ liệu cá nhân, Bên Kiểm soát và xử lý dữ liệu cá nhân yêu cầu cung cấp dữ liệu cá nhân.\n```""]","Bên Kiểm soát dữ liệu cá nhân có trách nhiệm thực hiện các biện pháp tổ chức và kỹ thuật cùng các biện pháp an toàn, bảo mật phù hợp để chứng minh các hoạt động xử lý dữ liệu cá nhân được thực hiện theo quy định của pháp luật về bảo vệ dữ liệu cá nhân, rà soát và cập nhật các biện pháp này khi cần thiết. Họ cũng phải ghi lại và lưu trữ nhật ký hệ thống quá trình xử lý dữ liệu cá nhân, thông báo hành vi vi phạm quy định về bảo vệ dữ liệu cá nhân, lựa chọn Bên Xử lý dữ liệu cá nhân phù hợp, và bảo đảm các quyền của chủ thể dữ liệu.",simple
Nghị định này quy định những trách nhiệm nào của Bên Xử lý dữ liệu cá nhân?,"Nghị định này quy định những trách nhiệm của Bên Xử lý dữ liệu cá nhân như sau:

1. Chỉ tiếp nhận dữ liệu cá nhân sau khi có hợp đồng hoặc thỏa thuận với Bên Kiểm soát dữ liệu cá nhân.
2. Xử lý dữ liệu cá nhân theo đúng hợp đồng hoặc thỏa thuận ký kết.
3. Thực hiện đầy đủ các biện pháp bảo vệ dữ liệu cá nhân theo quy định của Nghị định và các văn bản pháp luật khác.","[""# Điều 39. Trách nhiệm của Bên Xử lý dữ liệu cá nhân\n\n\n1. Chỉ tiếp nhận dữ liệu cá nhân sau khi có hợp đồng hoặc thỏa thuận về xử lý dữ liệu với Bên Kiểm soát dữ liệu cá nhân.\n\n2. Xử lý dữ liệu cá nhân theo đúng hợp đồng hoặc thỏa thuận ký kết với Bên Kiểm soát dữ liệu cá nhân.\n\n3. Thực hiện đầy đủ các biện pháp bảo vệ dữ liệu cá nhân quy định tại Nghị định này và các văn bản pháp luật khác có liên quan.\n```"", ""### Điều 41. Trách nhiệm của Bên thứ Ba\n\nThực hiện đầy đủ các quy định về trách nhiệm xử lý dữ liệu cá nhân theo quy định tại Nghị định này."", ""### Điều 40. Trách nhiệm của Bên Kiểm soát và xử lý dữ liệu\n\nThực hiện đầy đủ các quy định về trách nhiệm của Bên Kiểm soát dữ liệu cá nhân và Bên Xử lý dữ liệu cá nhân.""]","Nghị định này quy định rằng Bên Xử lý dữ liệu cá nhân có trách nhiệm chỉ tiếp nhận dữ liệu cá nhân sau khi có hợp đồng hoặc thỏa thuận về xử lý dữ liệu với Bên Kiểm soát dữ liệu cá nhân, xử lý dữ liệu cá nhân theo đúng hợp đồng hoặc thỏa thuận ký kết, thực hiện đầy đủ các biện pháp bảo vệ dữ liệu cá nhân, xóa và trả lại toàn bộ dữ liệu cá nhân cho Bên Kiểm soát dữ liệu cá nhân sau khi kết thúc xử lý, và phối hợp với Bộ Công an trong bảo vệ dữ liệu cá nhân.",simple
Thủ tướng có trách nhiệm gì trong việc thi hành Nghị định này?,Thủ tướng Chính phủ chịu trách nhiệm thi hành Nghị định này.,"[""# Điều 44. Trách nhiệm thi hành\n\n\n1. Bộ trưởng Bộ Công an đôn đốc, kiểm tra, hướng dẫn việc thực hiện Nghị định này.\n\n2. Bộ trưởng, Thủ trưởng cơ quan ngang bộ, Chính phủ, Chủ tịch Ủy ban nhân dân các tỉnh, thành phố trực thuộc trung ương chịu trách nhiệm thi hành Nghị định này."", ""# 13\n\n\nfax (nếu có) và phương thức, thời hạn thanh toán; thực hiện việc cung cấp dữ liệu cá nhân theo trình tự, thủ tục quy định tại Điều này."", ""## Trang 5\n\n\n```markdown\n6. Dữ liệu cá nhân được áp dụng các biện pháp bảo vệ, bảo mật trong quá trình xử lý, bao gồm cả việc bảo vệ trước các hành vi vi phạm quy định về bảo vệ dữ liệu cá nhân và phòng, chống sự mất mát, phá hủy hoặc thiệt hại do sự cố, sử dụng các biện pháp kỹ thuật.\n\n7. Dữ liệu cá nhân chỉ được lưu trữ trong khoảng thời gian phù hợp với mục đích xử lý dữ liệu, trừ trường hợp pháp luật có quy định khác.\n\n8. Bên Kiểm soát dữ liệu, Bên Kiểm soát và xử lý dữ liệu cá nhân phải chịu trách nhiệm tuân thủ các nguyên tắc xử lý dữ liệu được quy định tại khoản 1 Điều này và chứng minh sự tuân thủ của mình với các nguyên tắc xử lý dữ liệu đó.""]","Thủ tướng, cùng với các Phó Thủ tướng Chính phủ, chịu trách nhiệm thi hành Nghị định này.",simple
What does the phrase 'Độc lập - Tự do - Hạnh phúc' signify in the context of data privacy?,Không tìm thấy thông tin trong tài liệu.,"[""## Độc lập - Tự do - Hạnh phúc\n\n... ...., ngày ..... tháng ..... năm ..."", ""## Độc lập - Tự do - Hạnh phúc\n\n... ngày ... tháng ... năm ..."", ""# TÊN TỔ CHỨC\n\nCỘNG HÒA XÃ HỘI CHỦ NGHĨA VIỆT NAM  \nĐộc lập - Tự do - Hạnh phúc  \n\nSố:  ....., ngày ... tháng ... năm ...""]","'Độc lập - Tự do - Hạnh phúc' translates to 'Independence - Freedom - Happiness' and is part of the official header in documents related to data privacy in Vietnam, emphasizing the values upheld by the state.",simple
What is the significance of the organization CỘNG HÒA XÃ HỘI CHỦ NGHĨA VIỆT NAM in the context of data protection regulations?,Không tìm thấy thông tin trong tài liệu.,"[""## Điều 6. Áp dụng Nghị định bảo vệ dữ liệu cá nhân, các luật liên quan và Điều ước quốc tế\n\nViệc bảo vệ dữ liệu cá nhân được thực hiện theo quy định các điều ước quốc tế mà nước Cộng hòa xã hội chủ nghĩa Việt Nam là thành viên, các quy định khác của Luật có liên quan và Nghị định này."", ""# TÊN TỔ CHỨC\n\nCỘNG HÒA XÃ HỘI CHỦ NGHĨA VIỆT NAM  \nĐộc lập - Tự do - Hạnh phúc  \n\nSố:  ....., ngày ... tháng ... năm ..."", ""# Mẫu số 05\n\n\n**TÊN TỔ CHỨC**  \n**CỘNG HÒA XÃ HỘI CHỦ NGHĨA VIỆT NAM**  \n**Độc lập - Tự do - Hạnh phúc**  \n\nSố: ......., ngày ... tháng ... năm .....""]",CỘNG HÒA XÃ HỘI CHỦ NGHĨA VIỆT NAM is referenced in the context of data protection regulations as the organization responsible for ensuring compliance with these regulations. It is involved in the process of evaluating the impact of personal data processing and addressing violations of data protection laws.,simple
CỘNG HÒA XÃ HỘI CHỦ NGHĨA VIỆT NAM có vai trò gì trong việc bảo vệ dữ liệu cá nhân theo quy định hiện hành?,"CỘNG HÒA XÃ HỘI CHỦ NGHĨA VIỆT NAM có vai trò thực hiện việc bảo vệ dữ liệu cá nhân theo quy định của các điều ước quốc tế mà Việt Nam là thành viên, các quy định của Luật có liên quan và Nghị định bảo vệ dữ liệu cá nhân.","[""## Điều 6. Áp dụng Nghị định bảo vệ dữ liệu cá nhân, các luật liên quan và Điều ước quốc tế\n\nViệc bảo vệ dữ liệu cá nhân được thực hiện theo quy định các điều ước quốc tế mà nước Cộng hòa xã hội chủ nghĩa Việt Nam là thành viên, các quy định khác của Luật có liên quan và Nghị định này."", ""# TÊN TỔ CHỨC\n\nCỘNG HÒA XÃ HỘI CHỦ NGHĨA VIỆT NAM  \nĐộc lập - Tự do - Hạnh phúc  \n\nSố:  ....., ngày ... tháng ... năm ..."", ""## Điều 8. Hành vi bị nghiêm cấm\n\n1. Xử lý dữ liệu cá nhân trái với quy định của pháp luật về bảo vệ dữ liệu cá nhân.\n\n2. Xử lý dữ liệu cá nhân để tạo ra thông tin, dữ liệu nhằm chống lại Nhà nước Cộng hòa xã hội chủ nghĩa Việt Nam.\n\n3. Xử lý dữ liệu cá nhân để tạo ra thông tin, dữ liệu gây ảnh hưởng tới an ninh quốc gia, trật tự an toàn xã hội, quyền và lợi ích hợp pháp của tổ chức, cá nhân khác.\n\n4. Cản trở hoạt động bảo vệ dữ liệu cá nhân của cơ quan có thẩm quyền.\n\n5. Lợi dụng hoạt động bảo vệ dữ liệu cá nhân để vi phạm pháp luật.\n```""]","CỘNG HÒA XÃ HỘI CHỦ NGHĨA VIỆT NAM thực hiện quy định về bảo vệ dữ liệu cá nhân, yêu cầu các tổ chức, doanh nghiệp gửi hồ sơ đánh giá tác động xử lý dữ liệu cá nhân đến Bộ Công an, nhằm đảm bảo tính chính xác và tính hợp pháp của thông tin và tài liệu liên quan.",simple
Tại sao Việt Nam lại cần hồ sơ đánh giá tác động chuyển dữ liệu cá nhân ra nước ngoài?,"Việt Nam cần hồ sơ đánh giá tác động chuyển dữ liệu cá nhân ra nước ngoài để đảm bảo tuân thủ quy định bảo vệ dữ liệu cá nhân, đánh giá mức độ ảnh hưởng của việc xử lý dữ liệu, và bảo vệ quyền lợi của công dân Việt Nam trước các rủi ro có thể xảy ra khi dữ liệu được chuyển ra nước ngoài.","[""## Trang 20\n\n\n```markdown\nxử lý dữ liệu cá nhân, Bên Xử lý dữ liệu cá nhân hoàn thiện Hồ sơ đánh giá tác động xử lý dữ liệu cá nhân trong trường hợp hồ sơ chưa đầy đủ và đúng quy định.\n\n6. Bên Kiểm soát dữ liệu cá nhân, Bên Kiểm soát và xử lý dữ liệu cá nhân, Bên Xử lý dữ liệu cá nhân cập nhật, bổ sung Hồ sơ đánh giá tác động xử lý dữ liệu cá nhân khi có sự thay đổi về nội dung hồ sơ đã gửi cho Bộ Công an (Cục An ninh mạng và phòng, chống tội phạm sử dụng công nghệ cao) theo Mẫu số 05 tại Phụ lục của Nghị định này.\n\nĐiều 25. Chuyển dữ liệu cá nhân ra nước ngoài\n\n1. Dữ liệu cá nhân của công dân Việt Nam được chuyển ra nước ngoài trong trường hợp Bên chuyển dữ liệu ra nước ngoài lập Hồ sơ đánh giá tác động chuyển dữ liệu cá nhân ra nước ngoài và thực hiện các thủ tục theo quy định tại khoản 3, 4 và 5 Điều này. Bên chuyển dữ liệu ra nước ngoài bao gồm Bên Kiểm soát dữ liệu cá nhân, Bên Kiểm soát và xử lý dữ liệu cá nhân, Bên thứ ba.\n\n2. Hồ sơ đánh giá tác động chuyển dữ liệu cá nhân ra nước ngoài, gồm:\n\na) Thông tin và chi tiết liên lạc của Bên chuyển dữ liệu và Bên tiếp nhận dữ liệu cá nhân của công dân Việt Nam;\n\nb) Họ tên, các chi tiết liên lạc của tổ chức, cá nhân phụ trách của Bên chuyển dữ liệu có liên quan tới việc chuyển và tiếp nhận dữ liệu cá nhân của công dân Việt Nam;\n\nc) Mô tả và luận giải mục tiêu của các hoạt động xử lý dữ liệu cá nhân của Công dân Việt Nam sau khi được chuyển ra nước ngoài;\n\nd) Mô tả và làm rõ loại dữ liệu cá nhân chuyển ra nước ngoài;\n\ne) Mô tả và nếu rõ ràng tuân thủ quy định bảo vệ dữ liệu cá nhân tại Nghị định này, chi tiết các biện pháp bảo vệ dữ liệu cá nhân được áp dụng;\n\nf) Đánh giá mức độ ảnh hưởng của việc xử lý dữ liệu cá nhân; hậu quả, thiệt hại không mong muốn có khả năng xảy ra, các biện pháp giảm thiểu hoặc loại bỏ nguy cơ, tác hại đó;\n\ng) Sự đồng ý của chủ thể dữ liệu theo quy định tại Điều 11 Nghị định này trên cơ sở biết rõ cơ chế phản hồi, khiếu nại khi có sự cố hoặc yêu cầu phát sinh;\n\nh) Có văn bản thể hiện sự ràng buộc, trách nhiệm giữa các tổ chức, cá nhân chuyển và nhận dữ liệu cá nhân của Công dân Việt Nam về việc xử lý dữ liệu cá nhân.\n```"", ""## Trang 21\n\n\n```markdown\n3. Hồ sơ đánh giá tác động chuyển dữ liệu cá nhân ra nước ngoài phải luôn có sẵn để phục vụ hoạt động kiểm tra, đánh giá của Bộ Công an.\n\nBên chuyển dữ liệu ra nước ngoài gửi 01 bản chính hồ sơ tới Bộ Công an (Cục An ninh mạng và phòng, chống tội phạm sử dụng công nghệ cao) theo Mẫu số 06 tại Phụ lục của Nghị định này trong thời gian 60 ngày kể từ ngày tiến hành xử lý dữ liệu cá nhân.\n\n4. Bên chuyển dữ liệu thông báo gửi Bộ Công an (Cục An ninh mạng và phòng, chống tội phạm sử dụng công nghệ cao) thông tin về việc chuyển dữ liệu và chỉ tiết liên lạc của tổ chức, cá nhân phụ trách bằng văn bản sau khi việc chuyển dữ liệu diễn ra thành công.\n\n5. Bộ Công an (Cục An ninh mạng và phòng, chống tội phạm sử dụng công nghệ cao) đánh giá, yêu cầu Bên chuyển dữ liệu ra nước ngoài hoàn thiện Hồ sơ đánh giá tác động chuyển dữ liệu cá nhân ra nước ngoài trong trường hợp hồ sơ chưa đầy đủ và đúng quy định.\n\n6. Bên chuyển dữ liệu ra nước ngoài cập nhật, bổ sung Hồ sơ đánh giá tác động chuyển dữ liệu cá nhân ra nước ngoài khi có sự thay đổi về nội dung hồ sơ đã gửi cho Bộ Công an (Cục An ninh mạng và phòng, chống tội phạm sử dụng công nghệ cao) theo Mẫu số 05 tại Phụ lục của Nghị định này. Thời gian hoàn thiện hồ sơ dành cho Bên chuyển dữ liệu ra nước ngoài là 10 ngày kể từ ngày yêu cầu.\n\n7. Căn cứ tình hình cụ thể, Bộ Công an quyết định việc kiểm tra chuyển dữ liệu cá nhân ra nước ngoài 01 lần/năm, trừ trường hợp phát hiện hành vi vi phạm quy định của pháp luật về bảo vệ dữ liệu cá nhân tại Nghị định này hoặc để xảy ra sự cố lộ, mất dữ liệu cá nhân của công dân Việt Nam.\n\n8. Bộ Công an quyết định yêu cầu Bên chuyển dữ liệu ra nước ngoài ngừng chuyển dữ liệu cá nhân ra nước ngoài trong trường hợp:\n\na) Khi phát hiện dữ liệu cá nhân được chuyển được sử dụng vào hoạt động vi phạm lợi ích, an ninh quốc gia của nước Cộng hòa xã hội chủ nghĩa Việt Nam;\n\nb) Bên chuyển dữ liệu ra nước ngoài không chấp hành quy định tại khoản 5, điều này;\n\nc) Để xảy ra sự cố lộ, mất dữ liệu cá nhân của công dân Việt Nam."", ""## HỒ SƠ ĐÁNH GIÁ TÁC ĐỘNG CHUYỂN DỮ LIỆU CÁ NHÂN RA NƯỚC NGOÀI\n\n\nKính gửi: Bộ Công an  \n(Cục An ninh mạng và phòng, chống tội phạm sử dụng công nghệ cao, Bộ Công an)\n\nThực hiện quy định về bảo vệ dữ liệu cá nhân, ............... gửi Bộ Công an Hồ sơ đánh giá tác động chuyển dữ liệu cá nhân ra nước ngoài, như sau:\n\n1. **Thông tin về tổ chức, doanh nghiệp**\n   - Tên tổ chức, doanh nghiệp: ..........................................\n   - Địa chỉ trụ sở chính: ...................................................\n   - Địa chỉ trụ sở giao dịch: ..............................................\n   - Quyết định thành lập/Giấy chứng nhận đăng ký doanh nghiệp/Giấy chứng nhận đăng ký kinh doanh/Giấy chứng nhận đầu tư số: ..... do .... cấp ngày ... tháng ... năm ... tại ...\n   - Điện thoại: ................. Website ..........................................\n   - Nhân sự chịu trách nhiệm bảo vệ dữ liệu cá nhân: ..........................\n   - Họ và tên: ...............................................................\n   - Chức danh: ..............................................................\n   - Số điện thoại liên lạc (cố định và di động): ...............................\n   - Email: .................................................................\n\n2. **Hồ sơ đánh giá tác động chuyển dữ liệu cá nhân ra nước ngoài**\n   1. ..........................................................................\n   2. ..........................................................................\n```""]","Việt Nam cần hồ sơ đánh giá tác động chuyển dữ liệu cá nhân ra nước ngoài để thực hiện quy định về bảo vệ dữ liệu cá nhân, đảm bảo tính chính xác và tính hợp pháp của nội dung thay đổi và tài liệu kèm theo.",simple
Mã số thuế có liên quan như thế nào đến quyền riêng tư trong bối cảnh bảo vệ dữ liệu cá nhân theo các quy định hiện hành?,Không tìm thấy thông tin trong tài liệu.,"[""## Trang 8\n\n\n```markdown\n8. Quyền phân đối xử lý dữ liệu\n   a) Chủ thể dữ liệu được phân đối Bên Kiểm soát dữ liệu cá nhân, Bên Kiểm soát và xử lý dữ liệu cá nhân xử lý dữ liệu cá nhân của mình nhằm ngăn chặn hoặc hạn chế tiết lộ dữ liệu cá nhân hoặc sử dụng cho mục đích quảng cáo, tiếp thị, trừ trường hợp luật có quy định khác;\n   b) Bên Kiểm soát dữ liệu cá nhân, Bên Kiểm soát và xử lý dữ liệu cá nhân thực hiện yêu cầu của chủ thể dữ liệu trong 72 giờ sau khi nhận được yêu cầu, trừ trường hợp luật có quy định khác.\n\n9. Quyền khiếu nại, tố cáo, khởi kiện\n   Chủ thể dữ liệu có quyền khiếu nại, tố cáo hoặc khởi kiện theo quy định của pháp luật.\n\n10. Quyền yêu cầu bồi thường thiệt hại\n   Chủ thể dữ liệu có quyền yêu cầu bồi thường thiệt hại theo quy định của pháp luật khi xảy ra vi phạm quy định về bảo vệ dữ liệu cá nhân của mình, trừ trường hợp các bên có thỏa thuận khác hoặc luật có quy định khác.\n\n11. Quyền tự bảo vệ\n   Chủ thể dữ liệu có quyền tự bảo vệ theo quy định của Bộ luật Dân sự, luật khác có liên quan và Nghị định này, hoặc yêu cầu cơ quan, tổ chức có thẩm quyền thực hiện các phương thức bảo vệ quyền dân sự theo quy định tại Điều 11 Bộ luật Dân sự.\n\nĐiều 10. Nghĩa vụ của chủ thể dữ liệu\n1. Tự bảo vệ dữ liệu cá nhân của mình; yêu cầu các tổ chức, cá nhân khác có liên quan bảo vệ dữ liệu cá nhân của mình.\n2. Tôn trọng, bảo vệ dữ liệu cá nhân của người khác.\n3. Cung cấp đầy đủ, chính xác dữ liệu cá nhân khi động ý cho phép xử lý dữ liệu cá nhân.\n4. Tham gia tuyên truyền, phổ biến kỹ năng bảo vệ dữ liệu cá nhân.\n5. Thực hiện quy định của pháp luật về bảo vệ dữ liệu cá nhân và tham gia phòng, chống các hành vi vi phạm quy định về bảo vệ dữ liệu cá nhân.\n```"", ""# Điều 29. Cơ quan chuyển trách bảo vệ dữ liệu cá nhân và Công thông tin quốc gia về bảo vệ dữ liệu cá nhân\n\n\n1. Cơ quan chuyển trách bảo vệ dữ liệu cá nhân là Cục An ninh mạng và phòng, chống tội phạm sử dụng công nghệ cao - Bộ Công an, có trách nhiệm giúp Bộ Công an thực hiện quản lý nhà nước về bảo vệ dữ liệu cá nhân;\n\n2. Công thông tin quốc gia về bảo vệ dữ liệu cá nhân:\n\n   a) Cung cấp thông tin về chủ trương, đường lối, chính sách của Đảng, pháp luật của Nhà nước về bảo vệ dữ liệu cá nhân;\n\n   b) Tuyên truyền, phổ biến chính sách, pháp luật về bảo vệ dữ liệu cá nhân;\n\n   c) Cập nhật thông tin, tình hình bảo vệ dữ liệu cá nhân;\n\n   d) Tiếp nhận thông tin, hồ sơ, dữ liệu về hoạt động bảo vệ dữ liệu cá nhân qua không gian mạng;\n\n   e) Cung cấp thông tin về kết quả đánh giá công tác bảo vệ dữ liệu cá nhân của cơ quan, tổ chức, cá nhân có liên quan;\n\n   f) Tiếp nhận thông báo về phạm quy định về bảo vệ dữ liệu cá nhân;\n\n   g) Cảnh báo, phối hợp cảnh báo về nguy cơ, hành vi xâm phạm dữ liệu cá nhân theo quy định của pháp luật;\n\n   h) Xử lý vi phạm về bảo vệ dữ liệu cá nhân theo quy định của pháp luật;\n\n   i) Thực hiện hoạt động khác theo quy định của pháp luật về bảo vệ dữ liệu cá nhân."", ""## Trang 22\n\n\n```markdown\n2. Các biện pháp bảo vệ dữ liệu cá nhân, bao gồm:\n\n   a) Biện pháp quản lý do tổ chức, cá nhân có liên quan tới xử lý dữ liệu cá nhân thực hiện;\n\n   b) Biện pháp kỹ thuật do tổ chức, cá nhân có liên quan tới xử lý dữ liệu cá nhân thực hiện;\n\n   c) Biện pháp do cơ quan quản lý nhà nước có thẩm quyền thực hiện theo quy định của Nghị định này và pháp luật có liên quan;\n\n   d) Biện pháp điều tra, tố tụng do cơ quan nhà nước có thẩm quyền thực hiện;\n\n   e) Các biện pháp khác theo quy định của pháp luật.\n\nĐiều 27. Bảo vệ dữ liệu cá nhân cơ bản\n\n1. Áp dụng các biện pháp được quy định tại khoản 2 Điều 26 Nghị định này.\n\n2. Xây dựng, ban hành các quy định về bảo vệ dữ liệu cá nhân, nếu rõ những việc cần thực hiện theo quy định của Nghị định này.\n\n3. Khuyến khích áp dụng các tiêu chuẩn bảo vệ dữ liệu cá nhân phù hợp với lĩnh vực, ngành nghề, hoạt động có liên quan tới xử lý dữ liệu cá nhân.\n\n4. Kiểm tra an ninh mạng đối với hệ thống và phương tiện, thiết bị phục vụ xử lý dữ liệu cá nhân trước khi xử lý, xóa không thể khôi phục được hoặc hủy các thiết bị chứa dữ liệu cá nhân.\n\nĐiều 28. Bảo vệ dữ liệu cá nhân nhạy cảm\n\n1. Áp dụng các biện pháp được quy định tại khoản 2 Điều 26 và Điều 27 Nghị định này.\n\n2. Chỉ định bộ phận có chức năng bảo vệ dữ liệu cá nhân, chỉ định nhân sự phụ trách bảo vệ dữ liệu cá nhân và trao đổi thông tin về bộ phận và cá nhân phụ trách bảo vệ dữ liệu cá nhân với Cơ quan chủ quản trách bảo vệ dữ liệu cá nhân. Trường hợp Bên Kiểm soát dữ liệu cá nhân, Bên Kiểm soát và xử lý dữ liệu cá nhân, Bên Xử lý dữ liệu, Bên thứ ba là cá nhân trao đổi thông tin cá nhân thực hiện.\n\n3. Thông báo cho chủ thể dữ liệu biết việc dữ liệu cá nhân nhạy cảm của chủ thể dữ liệu được xử lý, trừ trường hợp quy định tại khoản 4 Điều 13, Điều 17 và Điều 18 Nghị định này.\n```""]","Mã số thuế là một phần của dữ liệu cá nhân cơ bản, bao gồm thông tin như họ tên, ngày sinh, và các thông tin khác giúp xác định một con người cụ thể. Theo các quy định về bảo vệ dữ liệu cá nhân, việc xử lý mã số thuế phải tuân thủ các quy định nhằm bảo vệ quyền riêng tư của cá nhân. Điều này có nghĩa là các cơ quan, tổ chức, cá nhân có trách nhiệm bảo vệ dữ liệu cá nhân, bao gồm cả mã số thuế, để tránh việc xâm phạm quyền riêng tư của cá nhân.",reasoning
Doanh thu của Công ty Cổ phần DHA Surfaces có ảnh hưởng gì tới thông tin cá nhân của khách hàng không?,Không tìm thấy thông tin trong tài liệu.,"[""## Điều 21. Bảo vệ dữ liệu cá nhân trong kinh doanh dịch vụ tiếp thị, giới thiệu sản phẩm quảng cáo\n\n\n1. Tổ chức, cá nhân kinh doanh dịch vụ tiếp thị, giới thiệu sản phẩm quảng cáo chỉ được sử dụng dữ liệu cá nhân của khách hàng được thu thập qua hoạt động kinh doanh của mình để kinh doanh dịch vụ tiếp thị, giới thiệu sản phẩm quảng cáo khi có sự đồng ý của chủ thể dữ liệu.\n\n2. Việc xử lý dữ liệu cá nhân của khách hàng để kinh doanh dịch vụ tiếp thị, giới thiệu sản phẩm quảng cáo phải được sự đồng ý của khách hàng, trên cơ sở khách hàng biết rõ nội dung, phương thức, hình thức, tần suất giới thiệu sản phẩm.\n```"", ""## Trang 3\n\n\n```markdown\nc) Thông tin liên quan đến nguồn gốc chủng tộc, nguồn gốc dân tộc;\n\nd) Thông tin về đặc điểm di truyền được thừa hưởng hoặc có được của cá nhân;\n\nđ) Thông tin về thuộc tính vật lý, đặc điểm sinh học riêng của cá nhân;\n\ne) Thông tin về đời sống tình dục, xu hướng tình dục của cá nhân;\n\ng) Dữ liệu về tội phạm, hành vi phạm tội được thu thập, lưu trữ bởi các cơ quan thực thi pháp luật;\n\nh) Thông tin khách hàng của tổ chức tín dụng, chi nhánh ngân hàng nước ngoài, tổ chức cung ứng dịch vụ trung gian thanh toán, các tổ chức khác, gồm: thông tin định danh khách hàng theo quy định của pháp luật, thông tin về tài khoản, thông tin về tiền gửi, thông tin về tài sản gửi, thông tin về giao dịch, thông tin về tổ chức, cá nhân là bên bảo đảm tại tổ chức tín dụng, chi nhánh ngân hàng, tổ chức cung ứng dịch vụ trung gian thanh toán;\n\ni) Dữ liệu về vị trí của cá nhân được xác định qua dịch vụ định vị;\n\nk) Dữ liệu cá nhân khác được pháp luật quy định là đặc thù và cần có biện pháp bảo mật cần thiết.\n\n5. Bảo vệ dữ liệu cá nhân là hoạt động phòng ngừa, phát hiện, ngăn chặn, xử lý hành vi vi phạm liên quan đến dữ liệu cá nhân theo quy định của pháp luật.\n\n6. Chủ thể dữ liệu là cá nhân được dữ liệu cá nhân phản ánh.\n\n7. Xử lý dữ liệu cá nhân là một hoặc nhiều hoạt động tác động tới dữ liệu cá nhân, như: thu thập, ghi, phân tích, xác nhận, lưu trữ, chỉnh sửa, công khai, kết hợp, truy cập, truy xuất, thu hồi, mã hóa, giải mã, sao chép, chia sẻ, truyền đưa, cung cấp, chuyển giao, xóa, hủy dữ liệu cá nhân hoặc các hành động khác có liên quan.\n\n8. Sự đồng ý của chủ thể dữ liệu là việc thể hiện rõ ràng, tự nguyện, khả năng định vị cho phép xử lý dữ liệu cá nhân của chủ thể dữ liệu.\n\n9. Bên Kiểm soát dữ liệu cá nhân là tổ chức, cá nhân quyết định mục đích và phương tiện xử lý dữ liệu cá nhân.\n\n10. Bên Xử lý dữ liệu cá nhân là tổ chức, cá nhân thực hiện việc xử lý dữ liệu thay mặt cho Bên Kiểm soát dữ liệu, thông qua một hợp đồng hoặc thỏa thuận với Bên Kiểm soát dữ liệu.\n\n11. Bên Kiểm soát và xử lý dữ liệu cá nhân là tổ chức, cá nhân đồng thời quyết định mục đích, phương tiện và trực tiếp xử lý dữ liệu cá nhân.\n```"", ""## Trang 17\n\n\n```markdown\n3. Tổ chức, cá nhân kinh doanh dịch vụ tiếp thị, giới thiệu sản phẩm quảng cáo có trách nhiệm chứng minh việc sử dụng dữ liệu cá nhân của khách hàng được giới thiệu sản phẩm đúng với quy định tại khoản 1 và khoản 2 Điều này.""]","Doanh thu của Công ty Cổ phần DHA Surfaces được ghi nhận là 3.703.688.610 đồng, trong khi thông tin cá nhân của khách hàng bao gồm nhiều loại dữ liệu nhạy cảm như thông tin định danh, tài khoản, và giao dịch. Việc xử lý và bảo vệ thông tin cá nhân là rất quan trọng, và doanh thu có thể ảnh hưởng đến cách mà công ty quản lý và bảo vệ dữ liệu cá nhân của khách hàng, đảm bảo tuân thủ các quy định về bảo vệ dữ liệu.",reasoning
"How do the rights of data subjects, particularly the right to delete data, relate to the tax deduction process outlined in the context of value-added tax?",Không tìm thấy thông tin trong tài liệu.,"[""## Độc lập - Tự do - Hạnh phúc\n\n... ...., ngày ..... tháng ..... năm ..."", ""## Độc lập - Tự do - Hạnh phúc\n\n... ngày ... tháng ... năm ..."", ""## Điều 13. Thông báo xử lý dữ liệu cá nhân\n\n\n1. Việc thông báo được thực hiện một lần trước khi tiến hành đối với hoạt động xử lý dữ liệu cá nhân.\n\n2. Nội dung thông báo cho chủ thể dữ liệu về xử lý dữ liệu cá nhân:\n\n   a) Mục đích xử lý;\n\n   b) Loại dữ liệu cá nhân được sử dụng có liên quan tới mục đích xử lý quy định tại điểm a khoản 2 Điều này;\n\n   c) Cách thức xử lý;\n\n   d) Thông tin về các tổ chức, cá nhân khác có liên quan tới mục đích xử lý quy định tại điểm a khoản 2 Điều này;\n\n   e) Hậu quả, thiệt hại không mong muốn có khả năng xảy ra;\n\n   f) Thời gian bắt đầu, thời gian kết thúc xử lý dữ liệu.\n\n3. Việc thông báo cho chủ thể dữ liệu phải được thể hiện ở một định dạng có thể được in, sao chép bằng văn bản, bao gồm cả dưới dạng điện tử hoặc định dạng kiên chứng được.\n```""]","The rights of data subjects, including the right to delete data, are essential in the context of data protection regulations. While the provided context primarily discusses the value-added tax (VAT) obligations and deductions, it does not directly address the implications of data subject rights on tax processes. However, it is crucial for organizations to ensure that any personal data used in tax-related activities complies with data protection laws, including respecting the right to delete data when applicable. This means that if personal data is no longer necessary for the purposes for which it was collected, or if the data subject withdraws consent, the organization must delete that data, which could impact how tax records are maintained and processed.",reasoning
Làm thế nào Nghị định bảo vệ dữ liệu cá nhân của Cộng hòa xã hội chủ nghĩa Việt Nam quy định về quyền và nghĩa vụ của chủ thể dữ liệu?,"Nghị định bảo vệ dữ liệu cá nhân của Cộng hòa xã hội chủ nghĩa Việt Nam quy định về quyền và nghĩa vụ của chủ thể dữ liệu như sau:

### Quyền của chủ thể dữ liệu:
1. Quyền được biết về hoạt động xử lý dữ liệu cá nhân.
2. Quyền đồng ý hoặc không đồng ý cho phép xử lý dữ liệu cá nhân.
3. Quyền truy cập để xem, chỉnh sửa hoặc yêu cầu chỉnh sửa dữ liệu cá nhân.
4. Quyền rút lại sự đồng ý.
5. Quyền xóa hoặc yêu cầu xóa dữ liệu cá nhân.
6. Quyền hạn chế xử lý dữ liệu cá nhân.
7. Quyền yêu cầu cung cấp dữ liệu cá nhân.

### Nghĩa vụ của chủ thể dữ liệu:
1. Tự bảo vệ dữ liệu cá nhân của mình.
2. Tôn trọng, bảo vệ dữ liệu cá nhân của người khác.
3. Cung cấp đầy đủ, chính xác dữ liệu cá nhân khi cho phép xử lý.
4. Tham gia tuyên truyền","[""## Trang 8\n\n\n```markdown\n8. Quyền phân đối xử lý dữ liệu\n   a) Chủ thể dữ liệu được phân đối Bên Kiểm soát dữ liệu cá nhân, Bên Kiểm soát và xử lý dữ liệu cá nhân xử lý dữ liệu cá nhân của mình nhằm ngăn chặn hoặc hạn chế tiết lộ dữ liệu cá nhân hoặc sử dụng cho mục đích quảng cáo, tiếp thị, trừ trường hợp luật có quy định khác;\n   b) Bên Kiểm soát dữ liệu cá nhân, Bên Kiểm soát và xử lý dữ liệu cá nhân thực hiện yêu cầu của chủ thể dữ liệu trong 72 giờ sau khi nhận được yêu cầu, trừ trường hợp luật có quy định khác.\n\n9. Quyền khiếu nại, tố cáo, khởi kiện\n   Chủ thể dữ liệu có quyền khiếu nại, tố cáo hoặc khởi kiện theo quy định của pháp luật.\n\n10. Quyền yêu cầu bồi thường thiệt hại\n   Chủ thể dữ liệu có quyền yêu cầu bồi thường thiệt hại theo quy định của pháp luật khi xảy ra vi phạm quy định về bảo vệ dữ liệu cá nhân của mình, trừ trường hợp các bên có thỏa thuận khác hoặc luật có quy định khác.\n\n11. Quyền tự bảo vệ\n   Chủ thể dữ liệu có quyền tự bảo vệ theo quy định của Bộ luật Dân sự, luật khác có liên quan và Nghị định này, hoặc yêu cầu cơ quan, tổ chức có thẩm quyền thực hiện các phương thức bảo vệ quyền dân sự theo quy định tại Điều 11 Bộ luật Dân sự.\n\nĐiều 10. Nghĩa vụ của chủ thể dữ liệu\n1. Tự bảo vệ dữ liệu cá nhân của mình; yêu cầu các tổ chức, cá nhân khác có liên quan bảo vệ dữ liệu cá nhân của mình.\n2. Tôn trọng, bảo vệ dữ liệu cá nhân của người khác.\n3. Cung cấp đầy đủ, chính xác dữ liệu cá nhân khi động ý cho phép xử lý dữ liệu cá nhân.\n4. Tham gia tuyên truyền, phổ biến kỹ năng bảo vệ dữ liệu cá nhân.\n5. Thực hiện quy định của pháp luật về bảo vệ dữ liệu cá nhân và tham gia phòng, chống các hành vi vi phạm quy định về bảo vệ dữ liệu cá nhân.\n```"", ""### Điều 9. Quyền của chủ thể dữ liệu\n\n\n1. **Quyền được biết**  \n   Chủ thể dữ liệu được biết về hoạt động xử lý dữ liệu cá nhân của mình, trừ trường hợp luật có quy định khác.\n\n2. **Quyền đồng ý**  \n   Chủ thể dữ liệu được đồng ý hoặc không đồng ý cho phép xử lý dữ liệu cá nhân của mình, trừ trường hợp quy định tại Điều 17 Nghị định này.\n\n3. **Quyền truy cập**  \n   Chủ thể dữ liệu được truy cập để xem, chỉnh sửa hoặc yêu cầu chỉnh sửa dữ liệu cá nhân của mình, trừ trường hợp luật có quy định khác.\n\n4. **Quyền rút lại sự đồng ý**  \n   Chủ thể dữ liệu được quyền rút lại sự đồng ý của mình, trừ trường hợp luật có quy định khác.\n\n5. **Quyền xóa dữ liệu**  \n   Chủ thể dữ liệu được xóa hoặc yêu cầu xóa dữ liệu cá nhân của mình, trừ trường hợp luật có quy định khác.\n\n6. **Quyền hạn chế xử lý dữ liệu**  \n   a) Chủ thể dữ liệu được yêu cầu hạn chế xử lý dữ liệu cá nhân của mình, trừ trường hợp luật có quy định khác;  \n   b) Việc hạn chế xử lý dữ liệu được thực hiện trong 72 giờ sau khi có yêu cầu của chủ thể dữ liệu, với toàn bộ dữ liệu cá nhân mà chủ thể dữ liệu yêu cầu hạn chế, trừ trường hợp luật có quy định khác.\n\n7. **Quyền cung cấp dữ liệu**  \n   Chủ thể dữ liệu được yêu cầu Bên Kiểm soát dữ liệu cá nhân, Bên Kiểm soát và xử lý dữ liệu cá nhân cung cấp cho bản thân dữ liệu cá nhân của mình, trừ trường hợp luật có quy định khác.\n```"", ""### Điều 1. Phạm vi điều chỉnh và đối tượng áp dụng\n\n1. Nghị định này quy định về bảo vệ dữ liệu cá nhân và trách nhiệm bảo vệ dữ liệu cá nhân của cơ quan, tổ chức, cá nhân có liên quan.  \n2. Nghị định này áp dụng đối với:  \n   a) Cơ quan, tổ chức, cá nhân Việt Nam;  \n   b) Cơ quan, tổ chức, cá nhân nước ngoài tại Việt Nam;  \n   c) Cơ quan, tổ chức, cá nhân Việt Nam hoạt động tại nước ngoài;  \n   d) Cơ quan, tổ chức, cá nhân nước ngoài trực tiếp tham gia hoặc liên quan đến hoạt động xử lý dữ liệu cá nhân tại Việt Nam.  \n```""]","Nghị định bảo vệ dữ liệu cá nhân của Cộng hòa xã hội chủ nghĩa Việt Nam quy định rằng chủ thể dữ liệu có quyền được biết về hoạt động xử lý dữ liệu cá nhân của mình, quyền đồng ý cho phép xử lý dữ liệu cá nhân, quyền truy cập để xem và chỉnh sửa dữ liệu cá nhân, quyền rút lại sự đồng ý, quyền xóa dữ liệu, và quyền hạn chế xử lý dữ liệu. Ngoài ra, chủ thể dữ liệu cũng có nghĩa vụ tự bảo vệ dữ liệu cá nhân của mình, tôn trọng và bảo vệ dữ liệu cá nhân của người khác, cung cấp đầy đủ và chính xác dữ liệu cá nhân khi đồng ý cho phép xử lý, và tham gia tuyên truyền về bảo vệ dữ liệu cá nhân.",reasoning
Công ty cổ phần DHA Surfaces có trách nhiệm gì trong việc xử lý dữ liệu cá nhân theo quy định của pháp luật?,Không tìm thấy thông tin trong tài liệu.,"[""# Điều 38. Trách nhiệm của Bên Kiểm soát dữ liệu cá nhân\n\n\n1. Thực hiện các biện pháp tổ chức và kỹ thuật cùng các biện pháp an toàn, bảo mật phù hợp để chứng minh các hoạt động xử lý dữ liệu cá nhân được thực hiện theo quy định của pháp luật về bảo vệ dữ liệu cá nhân, rà soát và cập nhật các biện pháp này khi cần thiết.\n\n2. Ghi lại và lưu trữ nhật ký hệ thống quá trình xử lý dữ liệu cá nhân.\n\n3. Thông báo hành vi vi phạm quy định về bảo vệ dữ liệu cá nhân theo quy định tại Điều 23 Nghị định này.\n\n4. Lựa chọn Bên Xử lý dữ liệu cá nhân phù hợp với nhiệm vụ rõ ràng và chi làm việc với Bên Xử lý dữ liệu cá nhân có các biện pháp bảo vệ phù hợp.\n\n5. Bảo đảm các quyền của chủ thể dữ liệu theo quy định tại Điều 9 Nghị định này.\n\n6. Bên Kiểm soát dữ liệu cá nhân chịu trách nhiệm trước chủ thể dữ liệu về các thiệt hại do quá trình xử lý dữ liệu cá nhân gây ra.\n\n7. Phối hợp với Bộ Công an, cơ quan nhà nước có thẩm quyền trong bảo vệ dữ liệu cá nhân, cung cấp thông tin phục vụ điều tra, xử lý hành vi vi phạm quy định của pháp luật về bảo vệ dữ liệu cá nhân."", ""## Điều 17. Xử lý dữ liệu cá nhân trong trường hợp không cần sự đồng ý của chủ thể dữ liệu\n\n\n1. Trong trường hợp khẩn cấp, cần xử lý ngay dữ liệu cá nhân có liên quan để bảo vệ tính mạng, sức khỏe của chủ thể dữ liệu hoặc người khác. Bên Kiểm soát dữ liệu cá nhân, Bên Xử lý dữ liệu cá nhân, Bên Kiểm soát và xử lý dữ liệu cá nhân, Bên thứ ba có trách nhiệm chứng minh trường hợp này.\n\n2. Việc công khai dữ liệu cá nhân theo quy định của luật.\n\n3. Việc xử lý dữ liệu của cơ quan nhà nước có thẩm quyền trong trường hợp tình trạng khẩn cấp về quốc phòng, an ninh quốc gia, trật tự an toàn xã hội, thảm họa lớn, dịch bệnh nguy hiểm; khi có nguy cơ đe dọa an ninh, quốc phòng nhưng chưa đến mức ban bố tình trạng khẩn cấp; phòng, chống bạo loạn, khủng bố, phòng, chống tội phạm và vi phạm pháp luật theo quy định của luật.\n\n4. Để thực hiện nghĩa vụ theo hợp đồng của chủ thể dữ liệu với cơ quan, tổ chức, cá nhân có liên quan theo quy định của luật.\n\n5. Phục vụ hoạt động của cơ quan nhà nước đã được quy định theo luật chuyên ngành."", ""## Trang 14\n\n\n```markdown\na) Pháp luật quy định không cho phép xóa dữ liệu;\n\nb) Dữ liệu cá nhân được xử lý bởi cơ quan nhà nước có thẩm quyền với mục đích phục vụ hoạt động của cơ quan nhà nước quy định của pháp luật;\n\nc) Dữ liệu cá nhân đã được công khai theo quy định của pháp luật;\n\nd) Dữ liệu cá nhân được xử lý nhằm phục vụ yêu cầu pháp lý, nghiên cứu khoa học, thống kê theo quy định của pháp luật;\n\nd) Trong trường hợp tình trạng khẩn cấp về quốc phòng, an ninh quốc gia, trật tự an toàn xã hội, thảm họa lớn, dịch bệnh nguy hiểm; khi có nguy cơ de dọa an ninh, quốc phòng nhưng chưa đến mức ban bố tình trạng khẩn cấp; phòng, chống bạo loạn, khủng bố, phòng, chống tội phạm và vi phạm pháp luật;\n\ne) Ứng phó với tình huống khẩn cấp de dọa đến tính mạng, sức khỏe hoặc sự an toàn của chủ thể dữ liệu hoặc cá nhân khác.\n\n3. Trường hợp doanh nghiệp chia, tách, sáp nhập, hợp nhất, giải thể thì dữ liệu cá nhân được chuyển giao theo quy định của pháp luật.\n\n4. Trường hợp chia, tách, sáp nhập cơ quan, tổ chức, đơn vị hành chính và nhân được chuyển giao theo quy định của pháp luật.\n\n5. Việc xóa dữ liệu được thực hiện trong 72 giờ sau khi có yêu cầu của chủ thể dữ liệu với toàn bộ dữ liệu cá nhân mà Bên Kiểm soát dữ liệu cá nhân, Bên Kiểm soát và xử lý dữ liệu cá nhân thu thập được, trừ trường hợp pháp luật có quy định khác.\n\n6. Bên Kiểm soát dữ liệu cá nhân, Bên Kiểm soát và xử lý dữ liệu cá nhân, Bên Xử lý dữ liệu cá nhân, Bên thứ ba lưu trữ dữ liệu cá nhân theo hình thức phù hợp với hoạt động của mình và có biện pháp bảo vệ dữ liệu cá nhân theo quy định của pháp luật.\n\n7. Bên Kiểm soát dữ liệu cá nhân, Bên Kiểm soát và xử lý dữ liệu cá nhân, Bên thứ ba xóa không thể khôi phục trong trường hợp:\n\na) Xử lý dữ liệu không đúng mục đích hoặc đã hoàn thành mục đích xử lý dữ liệu cá nhân được chủ thể dữ liệu đồng ý;\n\nb) Việc lưu trữ dữ liệu cá nhân không còn cần thiết với hoạt động của Bên Kiểm soát dữ liệu cá nhân, Bên Kiểm soát và xử lý dữ liệu cá nhân, Bên thứ ba;\n```""]","Công ty cổ phần DHA Surfaces, như một bên kiểm soát dữ liệu cá nhân, có trách nhiệm tuân thủ các nguyên tắc xử lý dữ liệu được quy định tại pháp luật. Điều này bao gồm việc đảm bảo rằng dữ liệu cá nhân được xử lý đúng mục đích, được bảo vệ bằng các biện pháp bảo mật cần thiết, và chỉ được lưu trữ trong khoảng thời gian phù hợp với mục đích xử lý. Họ cũng phải chứng minh sự tuân thủ các nguyên tắc này và thông báo cho cơ quan có thẩm quyền trong trường hợp xảy ra vi phạm quy định bảo vệ dữ liệu cá nhân.",reasoning
What is the significance of the mã số thuế in relation to the quyền riêng tư as outlined in the regulations for personal data protection in Vietnam?,Không tìm thấy thông tin trong tài liệu.,"[""## Điều 13. Thông báo xử lý dữ liệu cá nhân\n\n\n1. Việc thông báo được thực hiện một lần trước khi tiến hành đối với hoạt động xử lý dữ liệu cá nhân.\n\n2. Nội dung thông báo cho chủ thể dữ liệu về xử lý dữ liệu cá nhân:\n\n   a) Mục đích xử lý;\n\n   b) Loại dữ liệu cá nhân được sử dụng có liên quan tới mục đích xử lý quy định tại điểm a khoản 2 Điều này;\n\n   c) Cách thức xử lý;\n\n   d) Thông tin về các tổ chức, cá nhân khác có liên quan tới mục đích xử lý quy định tại điểm a khoản 2 Điều này;\n\n   e) Hậu quả, thiệt hại không mong muốn có khả năng xảy ra;\n\n   f) Thời gian bắt đầu, thời gian kết thúc xử lý dữ liệu.\n\n3. Việc thông báo cho chủ thể dữ liệu phải được thể hiện ở một định dạng có thể được in, sao chép bằng văn bản, bao gồm cả dưới dạng điện tử hoặc định dạng kiên chứng được.\n```"", ""### Điều 11. Sự đồng ý của chủ thể dữ liệu\n\n\n1. Sự đồng ý của chủ thể dữ liệu được áp dụng đối với tất cả các hoạt động trong quy trình xử lý dữ liệu cá nhân, trừ trường hợp luật có quy định khác.\n\n2. Sự đồng ý của chủ thể dữ liệu chỉ có hiệu lực khi chủ thể dữ liệu tự nguyện và biết rõ các nội dung sau:\n   a) Loại dữ liệu cá nhân được xử lý;  \n   b) Mục đích xử lý dữ liệu cá nhân;  \n   c) Tổ chức, cá nhân được xử lý dữ liệu cá nhân;  \n   d) Các quyền, nghĩa vụ của chủ thể dữ liệu.  \n\n3. Sự đồng ý của chủ thể dữ liệu phải được thể hiện rõ ràng, cụ thể bằng văn bản, giọng nói, đánh dấu vào ô đồng ý, cú pháp đồng ý qua tin nhắn, chọn các thiết lập kỹ thuật đồng ý hoặc một hành động thể hiện được điều này.\n\n4. Sự đồng ý phải được tiến hành cho cùng mục đích. Khi có nhiều mục đích, Bên Kiểm soát dữ liệu cá nhân, Bên Kiểm soát và xử lý dữ liệu cá nhân liệt kê các mục đích để chủ thể dữ liệu đồng ý với một hoặc nhiều mục đích nêu ra.\n\n5. Sự đồng ý của chủ thể dữ liệu phải được thể hiện ở một định dạng có thể được in, sao chép bằng văn bản, bao gồm cả dưới dạng điện tử hoặc định dạng kiểm chứng được.\n\n6. Sự im lặng hoặc không phản hồi của chủ thể dữ liệu không được coi là sự đồng ý.\n\n7. Chủ thể dữ liệu có thể đồng ý một phần hoặc vối điều kiện kèm theo.\n\n8. Đối với xử lý dữ liệu cá nhân nhạy cảm, chủ thể dữ liệu phải được thông báo rằng dữ liệu cần sự đồng ý là dữ liệu cá nhân nhạy cảm.\n\n9. Sự đồng ý của chủ thể dữ liệu có hiệu lực cho tới khi chủ thể dữ liệu có quyết định khác hoặc khi cơ quan nhà nước có thẩm quyền yêu cầu bằng văn bản.\n\n10. Trong trường hợp có tranh chấp, trách nhiệm chứng minh sự đồng ý của chủ thể dữ liệu thuộc về Bên Kiểm soát dữ liệu cá nhân, Bên Kiểm soát và xử lý dữ liệu cá nhân.\n```"", ""## Điều 12. Rút lại sự đồng ý\n\n\n1. Việc rút lại sự đồng ý không ảnh hưởng đến tính hợp pháp của việc xử lý dữ liệu đã được đồng ý trước khi rút lại sự đồng ý.\n\n2. Việc rút lại sự đồng ý phải được thể hiện ở một định dạng có thể được in, sao chép bằng văn bản, bao gồm cả dưới dạng điện tử hoặc định dạng kiên chứng được.\n\n3. Khi nhận yêu cầu rút lại sự đồng ý của chủ thể dữ liệu, Bên Kiểm soát dữ liệu cá nhân, Bên Kiểm soát và xử lý dữ liệu cá nhân thông báo cho chủ thể dữ liệu về hậu quả, thiệt hại có thể xảy ra khi rút lại sự đồng ý.\n\n4. Sau khi thực hiện quy định tại khoản 2 Điều này, Bên Kiểm soát dữ liệu, Bên Xử lý dữ liệu, Bên Kiểm soát và xử lý dữ liệu, Bên thứ ba phải ngừng và yêu cầu các tổ chức, cá nhân có liên quan ngừng xử lý dữ liệu của chủ thể dữ liệu đã rút lại sự đồng ý.""]","The mã số thuế, or tax identification number, is a crucial piece of personal data that falls under the definition of dữ liệu cá nhân, as it can help identify an individual. According to the regulations on personal data protection in Vietnam, the mã số thuế is considered sensitive information that is linked to an individual's privacy. The regulations emphasize the responsibility of organizations and individuals to protect such personal data, ensuring that it is handled in compliance with the law to safeguard individuals' quyền riêng tư.",reasoning
"What are the responsibilities of Công ty cổ phần DHA Surfaces regarding the processing of personal data, and how does this relate to the legal requirements for data protection outlined in the context?",Không tìm thấy thông tin trong tài liệu.,"[""### Điều 42. Trách nhiệm của tổ chức, cá nhân có liên quan\n\n1. Có biện pháp bảo vệ dữ liệu cá nhân của mình, chịu trách nhiệm về tính chính xác của dữ liệu cá nhân do mình cung cấp.\n\n2. Thực hiện quy định về bảo vệ dữ liệu cá nhân tại Nghị định này.\n\n3. Thông báo kịp thời cho Bộ Công an về những vi phạm liên quan tới hoạt động bảo vệ dữ liệu cá nhân.\n\n4. Phối hợp với Bộ Công an trong xử lý những vi phạm liên quan tới hoạt động bảo vệ dữ liệu cá nhân."", ""## Điều 22. Thu thập, chuyển giao, mua, bán trái phép dữ liệu cá nhân\n\n\n1. Tổ chức, cá nhân có liên quan tới xử lý dữ liệu cá nhân phải áp dụng các biện pháp bảo vệ dữ liệu cá nhân để ngăn chặn tình trạng thu thập dữ liệu cá nhân trái phép từ hệ thống, trang thiết bị dịch vụ của mình.\n\n2. Việc thiết lập các hệ thống phần mềm, biện pháp kỹ thuật tổ chức các hoạt động thu thập, chuyển giao, mua, bán dữ liệu cá nhân không có sự đồng ý của chủ thể dữ liệu là vi phạm pháp luật."", ""### Điều 11. Sự đồng ý của chủ thể dữ liệu\n\n\n1. Sự đồng ý của chủ thể dữ liệu được áp dụng đối với tất cả các hoạt động trong quy trình xử lý dữ liệu cá nhân, trừ trường hợp luật có quy định khác.\n\n2. Sự đồng ý của chủ thể dữ liệu chỉ có hiệu lực khi chủ thể dữ liệu tự nguyện và biết rõ các nội dung sau:\n   a) Loại dữ liệu cá nhân được xử lý;  \n   b) Mục đích xử lý dữ liệu cá nhân;  \n   c) Tổ chức, cá nhân được xử lý dữ liệu cá nhân;  \n   d) Các quyền, nghĩa vụ của chủ thể dữ liệu.  \n\n3. Sự đồng ý của chủ thể dữ liệu phải được thể hiện rõ ràng, cụ thể bằng văn bản, giọng nói, đánh dấu vào ô đồng ý, cú pháp đồng ý qua tin nhắn, chọn các thiết lập kỹ thuật đồng ý hoặc một hành động thể hiện được điều này.\n\n4. Sự đồng ý phải được tiến hành cho cùng mục đích. Khi có nhiều mục đích, Bên Kiểm soát dữ liệu cá nhân, Bên Kiểm soát và xử lý dữ liệu cá nhân liệt kê các mục đích để chủ thể dữ liệu đồng ý với một hoặc nhiều mục đích nêu ra.\n\n5. Sự đồng ý của chủ thể dữ liệu phải được thể hiện ở một định dạng có thể được in, sao chép bằng văn bản, bao gồm cả dưới dạng điện tử hoặc định dạng kiểm chứng được.\n\n6. Sự im lặng hoặc không phản hồi của chủ thể dữ liệu không được coi là sự đồng ý.\n\n7. Chủ thể dữ liệu có thể đồng ý một phần hoặc vối điều kiện kèm theo.\n\n8. Đối với xử lý dữ liệu cá nhân nhạy cảm, chủ thể dữ liệu phải được thông báo rằng dữ liệu cần sự đồng ý là dữ liệu cá nhân nhạy cảm.\n\n9. Sự đồng ý của chủ thể dữ liệu có hiệu lực cho tới khi chủ thể dữ liệu có quyết định khác hoặc khi cơ quan nhà nước có thẩm quyền yêu cầu bằng văn bản.\n\n10. Trong trường hợp có tranh chấp, trách nhiệm chứng minh sự đồng ý của chủ thể dữ liệu thuộc về Bên Kiểm soát dữ liệu cá nhân, Bên Kiểm soát và xử lý dữ liệu cá nhân.\n```""]","Công ty cổ phần DHA Surfaces, as a data controller, is responsible for ensuring compliance with legal requirements for the processing of personal data. This includes obtaining clear and voluntary consent from data subjects for the processing of their personal data, as well as ensuring that the data is processed in accordance with the purposes specified at the time of collection. The company must also implement necessary security measures to protect personal data from unauthorized access or breaches. Furthermore, it is required to inform data subjects about their rights regarding their personal data and to notify relevant authorities in case of any data breaches, as stipulated in the legal framework for data protection.",reasoning
What is the significance of the mã số thuế in relation to the quyền riêng tư as outlined in the regulations on personal data protection?,Không tìm thấy thông tin trong tài liệu.,"[""## Điều 13. Thông báo xử lý dữ liệu cá nhân\n\n\n1. Việc thông báo được thực hiện một lần trước khi tiến hành đối với hoạt động xử lý dữ liệu cá nhân.\n\n2. Nội dung thông báo cho chủ thể dữ liệu về xử lý dữ liệu cá nhân:\n\n   a) Mục đích xử lý;\n\n   b) Loại dữ liệu cá nhân được sử dụng có liên quan tới mục đích xử lý quy định tại điểm a khoản 2 Điều này;\n\n   c) Cách thức xử lý;\n\n   d) Thông tin về các tổ chức, cá nhân khác có liên quan tới mục đích xử lý quy định tại điểm a khoản 2 Điều này;\n\n   e) Hậu quả, thiệt hại không mong muốn có khả năng xảy ra;\n\n   f) Thời gian bắt đầu, thời gian kết thúc xử lý dữ liệu.\n\n3. Việc thông báo cho chủ thể dữ liệu phải được thể hiện ở một định dạng có thể được in, sao chép bằng văn bản, bao gồm cả dưới dạng điện tử hoặc định dạng kiên chứng được.\n```"", ""## Trang 2\n\n\n```markdown\nĐiều 2. Giải thích từ ngữ\n\nTrong Nghị định này, các từ ngữ dưới đây được hiểu như sau:\n\n1. Dữ liệu cá nhân là thông tin dưới dạng ký hiệu, chữ viết, chữ số, hình ảnh, âm thanh hoặc dạng tương tự trên môi trường điện tử gắn liền với một con người cụ thể hoặc giúp xác định một con người cụ thể. Dữ liệu cá nhân bao gồm dữ liệu cá nhân cơ bản và dữ liệu cá nhân nhạy cảm.\n\n2. Thông tin giúp xác định một con người cụ thể là thông tin hình thành từ hoạt động của cá nhân mà khi kết hợp với các dữ liệu, thông tin lưu trữ khác có thể xác định một con người cụ thể.\n\n3. Dữ liệu cá nhân cơ bản bao gồm:\n   a) Họ, chữ đệm và tên khai sinh, tên gọi khác (nếu có);\n   b) Ngày, tháng, năm sinh; ngày, tháng, năm chết hoặc mất tích;\n   c) Giới tính;\n   d) Nơi sinh, nơi đăng ký khai sinh, nơi thường trú, nơi tạm trú, nơi ở hiện tại, quê quán, địa chỉ liên hệ;\n   d) Quốc tịch;\n   e) Hình ảnh của cá nhân;\n   g) Số điện thoại, số chứng minh nhân dân, số định danh cá nhân, số hộ chiếu, số giấy phép lái xe, số biển số xe, số mã số thuế cá nhân, số bảo hiểm xã hội, số thẻ bảo hiểm y tế;\n   h) Tình trạng hôn nhân;\n   i) Thông tin về mối quan hệ gia đình (cha mẹ, con cái);\n   k) Thông tin về tài khoản số của cá nhân; dữ liệu cá nhân phản ánh hoạt động, lịch sử hoạt động trên không gian mạng;\n   l) Các thông tin khác gắn liền với một con người cụ thể hoặc giúp xác định một con người cụ thể không thuộc quy định tại khoản 4 Điều này.\n\n4. Dữ liệu cá nhân nhạy cảm là dữ liệu cá nhân gắn liền với quyền riêng tư của cá nhân mà khi bị xâm phạm sẽ gây ảnh hưởng trực tiếp tới quyền và lợi ích hợp pháp của cá nhân gồm:\n   a) Quan điểm chính trị, quan điểm tôn giáo;\n   b) Tình trạng sức khỏe và đời tư được ghi trong hồ sơ bệnh án, không bao gồm thông tin về nhóm máu;\n```"", ""### Mẫu số: 01/GTGT\n\n*(Áp dụng đối với người nộp thuế thuộc đối tượng áp dụng khác với hoạt động sản xuất kinh doanh thông thường)*\n\n| STT | Chỉ tiêu | Giá trị ghi nhận, dịch vụ (chưa có thuế giá trị gia tăng) | Thuế giá trị gia tăng |\n|-----|----------|-----------------------------------------------------------|-----------------------|\n| 01  | Tên người nộp thuế: CÔNG TY CỔ PHẦN DHA SURFACES | Ngày: |                       |\n| 02  | Mã số thuế: 0106769437 | |                       |\n| 03  | Tên gọi: | Hợp đồng dự kiến: |                       |\n| 04  | Địa chỉ: | Huyện/Quận: |                       |\n| 05  | Phương/xã: | |                       |\n| 06  | Tỉnh/Thành phố: | Đơn vị tính: đồng Việt Nam |                       |""]","The mã số thuế, or tax identification number, is a crucial piece of personal data that can identify an individual. According to the regulations on personal data protection, this information falls under the category of dữ liệu cá nhân cơ bản, which includes various identifiers that can help ascertain a person's identity. The protection of such data is essential to safeguard an individual's quyền riêng tư, as unauthorized access or misuse of this information could lead to privacy violations.",reasoning
Sự đồng ý của chủ thể dữ liệu có vai trò gì trong việc xử lý dữ liệu cá nhân và làm thế nào nó liên quan đến thuế giá trị gia tăng trong các hoạt động kinh doanh?,Không tìm thấy thông tin trong tài liệu.,"[""### Điều 11. Sự đồng ý của chủ thể dữ liệu\n\n\n1. Sự đồng ý của chủ thể dữ liệu được áp dụng đối với tất cả các hoạt động trong quy trình xử lý dữ liệu cá nhân, trừ trường hợp luật có quy định khác.\n\n2. Sự đồng ý của chủ thể dữ liệu chỉ có hiệu lực khi chủ thể dữ liệu tự nguyện và biết rõ các nội dung sau:\n   a) Loại dữ liệu cá nhân được xử lý;  \n   b) Mục đích xử lý dữ liệu cá nhân;  \n   c) Tổ chức, cá nhân được xử lý dữ liệu cá nhân;  \n   d) Các quyền, nghĩa vụ của chủ thể dữ liệu.  \n\n3. Sự đồng ý của chủ thể dữ liệu phải được thể hiện rõ ràng, cụ thể bằng văn bản, giọng nói, đánh dấu vào ô đồng ý, cú pháp đồng ý qua tin nhắn, chọn các thiết lập kỹ thuật đồng ý hoặc một hành động thể hiện được điều này.\n\n4. Sự đồng ý phải được tiến hành cho cùng mục đích. Khi có nhiều mục đích, Bên Kiểm soát dữ liệu cá nhân, Bên Kiểm soát và xử lý dữ liệu cá nhân liệt kê các mục đích để chủ thể dữ liệu đồng ý với một hoặc nhiều mục đích nêu ra.\n\n5. Sự đồng ý của chủ thể dữ liệu phải được thể hiện ở một định dạng có thể được in, sao chép bằng văn bản, bao gồm cả dưới dạng điện tử hoặc định dạng kiểm chứng được.\n\n6. Sự im lặng hoặc không phản hồi của chủ thể dữ liệu không được coi là sự đồng ý.\n\n7. Chủ thể dữ liệu có thể đồng ý một phần hoặc vối điều kiện kèm theo.\n\n8. Đối với xử lý dữ liệu cá nhân nhạy cảm, chủ thể dữ liệu phải được thông báo rằng dữ liệu cần sự đồng ý là dữ liệu cá nhân nhạy cảm.\n\n9. Sự đồng ý của chủ thể dữ liệu có hiệu lực cho tới khi chủ thể dữ liệu có quyết định khác hoặc khi cơ quan nhà nước có thẩm quyền yêu cầu bằng văn bản.\n\n10. Trong trường hợp có tranh chấp, trách nhiệm chứng minh sự đồng ý của chủ thể dữ liệu thuộc về Bên Kiểm soát dữ liệu cá nhân, Bên Kiểm soát và xử lý dữ liệu cá nhân.\n```"", ""## Điều 12. Rút lại sự đồng ý\n\n\n1. Việc rút lại sự đồng ý không ảnh hưởng đến tính hợp pháp của việc xử lý dữ liệu đã được đồng ý trước khi rút lại sự đồng ý.\n\n2. Việc rút lại sự đồng ý phải được thể hiện ở một định dạng có thể được in, sao chép bằng văn bản, bao gồm cả dưới dạng điện tử hoặc định dạng kiên chứng được.\n\n3. Khi nhận yêu cầu rút lại sự đồng ý của chủ thể dữ liệu, Bên Kiểm soát dữ liệu cá nhân, Bên Kiểm soát và xử lý dữ liệu cá nhân thông báo cho chủ thể dữ liệu về hậu quả, thiệt hại có thể xảy ra khi rút lại sự đồng ý.\n\n4. Sau khi thực hiện quy định tại khoản 2 Điều này, Bên Kiểm soát dữ liệu, Bên Xử lý dữ liệu, Bên Kiểm soát và xử lý dữ liệu, Bên thứ ba phải ngừng và yêu cầu các tổ chức, cá nhân có liên quan ngừng xử lý dữ liệu của chủ thể dữ liệu đã rút lại sự đồng ý."", ""## Điều 21. Bảo vệ dữ liệu cá nhân trong kinh doanh dịch vụ tiếp thị, giới thiệu sản phẩm quảng cáo\n\n\n1. Tổ chức, cá nhân kinh doanh dịch vụ tiếp thị, giới thiệu sản phẩm quảng cáo chỉ được sử dụng dữ liệu cá nhân của khách hàng được thu thập qua hoạt động kinh doanh của mình để kinh doanh dịch vụ tiếp thị, giới thiệu sản phẩm quảng cáo khi có sự đồng ý của chủ thể dữ liệu.\n\n2. Việc xử lý dữ liệu cá nhân của khách hàng để kinh doanh dịch vụ tiếp thị, giới thiệu sản phẩm quảng cáo phải được sự đồng ý của khách hàng, trên cơ sở khách hàng biết rõ nội dung, phương thức, hình thức, tần suất giới thiệu sản phẩm.\n```""]","Sự đồng ý của chủ thể dữ liệu là việc thể hiện rõ ràng, tự nguyện, cho phép xử lý dữ liệu cá nhân của chủ thể dữ liệu. Nó phải được thể hiện bằng văn bản hoặc các hình thức khác như giọng nói hoặc đánh dấu đồng ý. Trong khi đó, thuế giá trị gia tăng (GTGT) phát sinh trong các hoạt động kinh doanh có thể liên quan đến việc xử lý dữ liệu cá nhân khi các tổ chức, cá nhân sử dụng dữ liệu này để thực hiện các giao dịch thương mại. Việc thu thập và xử lý dữ liệu cá nhân trong kinh doanh dịch vụ tiếp thị, giới thiệu sản phẩm quảng cáo chỉ được thực hiện khi có sự đồng ý của chủ thể dữ liệu, điều này đảm bảo rằng các nghĩa vụ về thuế GTGT cũng được thực hiện đúng theo quy định pháp luật.",reasoning
Người nộp thuế có trách nhiệm bảo vệ dữ liệu cá nhân của họ như thế nào theo quy định hiện hành?,Không tìm thấy thông tin trong tài liệu.,"[""# Điều 38. Trách nhiệm của Bên Kiểm soát dữ liệu cá nhân\n\n\n1. Thực hiện các biện pháp tổ chức và kỹ thuật cùng các biện pháp an toàn, bảo mật phù hợp để chứng minh các hoạt động xử lý dữ liệu cá nhân được thực hiện theo quy định của pháp luật về bảo vệ dữ liệu cá nhân, rà soát và cập nhật các biện pháp này khi cần thiết.\n\n2. Ghi lại và lưu trữ nhật ký hệ thống quá trình xử lý dữ liệu cá nhân.\n\n3. Thông báo hành vi vi phạm quy định về bảo vệ dữ liệu cá nhân theo quy định tại Điều 23 Nghị định này.\n\n4. Lựa chọn Bên Xử lý dữ liệu cá nhân phù hợp với nhiệm vụ rõ ràng và chi làm việc với Bên Xử lý dữ liệu cá nhân có các biện pháp bảo vệ phù hợp.\n\n5. Bảo đảm các quyền của chủ thể dữ liệu theo quy định tại Điều 9 Nghị định này.\n\n6. Bên Kiểm soát dữ liệu cá nhân chịu trách nhiệm trước chủ thể dữ liệu về các thiệt hại do quá trình xử lý dữ liệu cá nhân gây ra.\n\n7. Phối hợp với Bộ Công an, cơ quan nhà nước có thẩm quyền trong bảo vệ dữ liệu cá nhân, cung cấp thông tin phục vụ điều tra, xử lý hành vi vi phạm quy định của pháp luật về bảo vệ dữ liệu cá nhân."", ""### Điều 42. Trách nhiệm của tổ chức, cá nhân có liên quan\n\n1. Có biện pháp bảo vệ dữ liệu cá nhân của mình, chịu trách nhiệm về tính chính xác của dữ liệu cá nhân do mình cung cấp.\n\n2. Thực hiện quy định về bảo vệ dữ liệu cá nhân tại Nghị định này.\n\n3. Thông báo kịp thời cho Bộ Công an về những vi phạm liên quan tới hoạt động bảo vệ dữ liệu cá nhân.\n\n4. Phối hợp với Bộ Công an trong xử lý những vi phạm liên quan tới hoạt động bảo vệ dữ liệu cá nhân."", ""## Trang 8\n\n\n```markdown\n8. Quyền phân đối xử lý dữ liệu\n   a) Chủ thể dữ liệu được phân đối Bên Kiểm soát dữ liệu cá nhân, Bên Kiểm soát và xử lý dữ liệu cá nhân xử lý dữ liệu cá nhân của mình nhằm ngăn chặn hoặc hạn chế tiết lộ dữ liệu cá nhân hoặc sử dụng cho mục đích quảng cáo, tiếp thị, trừ trường hợp luật có quy định khác;\n   b) Bên Kiểm soát dữ liệu cá nhân, Bên Kiểm soát và xử lý dữ liệu cá nhân thực hiện yêu cầu của chủ thể dữ liệu trong 72 giờ sau khi nhận được yêu cầu, trừ trường hợp luật có quy định khác.\n\n9. Quyền khiếu nại, tố cáo, khởi kiện\n   Chủ thể dữ liệu có quyền khiếu nại, tố cáo hoặc khởi kiện theo quy định của pháp luật.\n\n10. Quyền yêu cầu bồi thường thiệt hại\n   Chủ thể dữ liệu có quyền yêu cầu bồi thường thiệt hại theo quy định của pháp luật khi xảy ra vi phạm quy định về bảo vệ dữ liệu cá nhân của mình, trừ trường hợp các bên có thỏa thuận khác hoặc luật có quy định khác.\n\n11. Quyền tự bảo vệ\n   Chủ thể dữ liệu có quyền tự bảo vệ theo quy định của Bộ luật Dân sự, luật khác có liên quan và Nghị định này, hoặc yêu cầu cơ quan, tổ chức có thẩm quyền thực hiện các phương thức bảo vệ quyền dân sự theo quy định tại Điều 11 Bộ luật Dân sự.\n\nĐiều 10. Nghĩa vụ của chủ thể dữ liệu\n1. Tự bảo vệ dữ liệu cá nhân của mình; yêu cầu các tổ chức, cá nhân khác có liên quan bảo vệ dữ liệu cá nhân của mình.\n2. Tôn trọng, bảo vệ dữ liệu cá nhân của người khác.\n3. Cung cấp đầy đủ, chính xác dữ liệu cá nhân khi động ý cho phép xử lý dữ liệu cá nhân.\n4. Tham gia tuyên truyền, phổ biến kỹ năng bảo vệ dữ liệu cá nhân.\n5. Thực hiện quy định của pháp luật về bảo vệ dữ liệu cá nhân và tham gia phòng, chống các hành vi vi phạm quy định về bảo vệ dữ liệu cá nhân.\n```""]","Theo quy định hiện hành, người nộp thuế có trách nhiệm bảo vệ dữ liệu cá nhân của họ, bao gồm việc đảm bảo rằng thông tin cá nhân được xử lý một cách an toàn và tuân thủ các quy định về bảo vệ dữ liệu cá nhân. Điều này bao gồm việc bảo vệ thông tin như họ tên, ngày sinh, địa chỉ, và các thông tin nhạy cảm khác, nhằm tránh việc xâm phạm quyền riêng tư của cá nhân.",reasoning
Doanh thu và thông tin cá nhân có ảnh hưởng gì tới quyền lợi hợp pháp của cá nhân?,Không tìm thấy thông tin trong tài liệu.,"[""## Điều 8. Hành vi bị nghiêm cấm\n\n1. Xử lý dữ liệu cá nhân trái với quy định của pháp luật về bảo vệ dữ liệu cá nhân.\n\n2. Xử lý dữ liệu cá nhân để tạo ra thông tin, dữ liệu nhằm chống lại Nhà nước Cộng hòa xã hội chủ nghĩa Việt Nam.\n\n3. Xử lý dữ liệu cá nhân để tạo ra thông tin, dữ liệu gây ảnh hưởng tới an ninh quốc gia, trật tự an toàn xã hội, quyền và lợi ích hợp pháp của tổ chức, cá nhân khác.\n\n4. Cản trở hoạt động bảo vệ dữ liệu cá nhân của cơ quan có thẩm quyền.\n\n5. Lợi dụng hoạt động bảo vệ dữ liệu cá nhân để vi phạm pháp luật.\n```"", ""## Trang 3\n\n\n```markdown\nc) Thông tin liên quan đến nguồn gốc chủng tộc, nguồn gốc dân tộc;\n\nd) Thông tin về đặc điểm di truyền được thừa hưởng hoặc có được của cá nhân;\n\nđ) Thông tin về thuộc tính vật lý, đặc điểm sinh học riêng của cá nhân;\n\ne) Thông tin về đời sống tình dục, xu hướng tình dục của cá nhân;\n\ng) Dữ liệu về tội phạm, hành vi phạm tội được thu thập, lưu trữ bởi các cơ quan thực thi pháp luật;\n\nh) Thông tin khách hàng của tổ chức tín dụng, chi nhánh ngân hàng nước ngoài, tổ chức cung ứng dịch vụ trung gian thanh toán, các tổ chức khác, gồm: thông tin định danh khách hàng theo quy định của pháp luật, thông tin về tài khoản, thông tin về tiền gửi, thông tin về tài sản gửi, thông tin về giao dịch, thông tin về tổ chức, cá nhân là bên bảo đảm tại tổ chức tín dụng, chi nhánh ngân hàng, tổ chức cung ứng dịch vụ trung gian thanh toán;\n\ni) Dữ liệu về vị trí của cá nhân được xác định qua dịch vụ định vị;\n\nk) Dữ liệu cá nhân khác được pháp luật quy định là đặc thù và cần có biện pháp bảo mật cần thiết.\n\n5. Bảo vệ dữ liệu cá nhân là hoạt động phòng ngừa, phát hiện, ngăn chặn, xử lý hành vi vi phạm liên quan đến dữ liệu cá nhân theo quy định của pháp luật.\n\n6. Chủ thể dữ liệu là cá nhân được dữ liệu cá nhân phản ánh.\n\n7. Xử lý dữ liệu cá nhân là một hoặc nhiều hoạt động tác động tới dữ liệu cá nhân, như: thu thập, ghi, phân tích, xác nhận, lưu trữ, chỉnh sửa, công khai, kết hợp, truy cập, truy xuất, thu hồi, mã hóa, giải mã, sao chép, chia sẻ, truyền đưa, cung cấp, chuyển giao, xóa, hủy dữ liệu cá nhân hoặc các hành động khác có liên quan.\n\n8. Sự đồng ý của chủ thể dữ liệu là việc thể hiện rõ ràng, tự nguyện, khả năng định vị cho phép xử lý dữ liệu cá nhân của chủ thể dữ liệu.\n\n9. Bên Kiểm soát dữ liệu cá nhân là tổ chức, cá nhân quyết định mục đích và phương tiện xử lý dữ liệu cá nhân.\n\n10. Bên Xử lý dữ liệu cá nhân là tổ chức, cá nhân thực hiện việc xử lý dữ liệu thay mặt cho Bên Kiểm soát dữ liệu, thông qua một hợp đồng hoặc thỏa thuận với Bên Kiểm soát dữ liệu.\n\n11. Bên Kiểm soát và xử lý dữ liệu cá nhân là tổ chức, cá nhân đồng thời quyết định mục đích, phương tiện và trực tiếp xử lý dữ liệu cá nhân.\n```"", ""## Trang 2\n\n\n```markdown\nĐiều 2. Giải thích từ ngữ\n\nTrong Nghị định này, các từ ngữ dưới đây được hiểu như sau:\n\n1. Dữ liệu cá nhân là thông tin dưới dạng ký hiệu, chữ viết, chữ số, hình ảnh, âm thanh hoặc dạng tương tự trên môi trường điện tử gắn liền với một con người cụ thể hoặc giúp xác định một con người cụ thể. Dữ liệu cá nhân bao gồm dữ liệu cá nhân cơ bản và dữ liệu cá nhân nhạy cảm.\n\n2. Thông tin giúp xác định một con người cụ thể là thông tin hình thành từ hoạt động của cá nhân mà khi kết hợp với các dữ liệu, thông tin lưu trữ khác có thể xác định một con người cụ thể.\n\n3. Dữ liệu cá nhân cơ bản bao gồm:\n   a) Họ, chữ đệm và tên khai sinh, tên gọi khác (nếu có);\n   b) Ngày, tháng, năm sinh; ngày, tháng, năm chết hoặc mất tích;\n   c) Giới tính;\n   d) Nơi sinh, nơi đăng ký khai sinh, nơi thường trú, nơi tạm trú, nơi ở hiện tại, quê quán, địa chỉ liên hệ;\n   d) Quốc tịch;\n   e) Hình ảnh của cá nhân;\n   g) Số điện thoại, số chứng minh nhân dân, số định danh cá nhân, số hộ chiếu, số giấy phép lái xe, số biển số xe, số mã số thuế cá nhân, số bảo hiểm xã hội, số thẻ bảo hiểm y tế;\n   h) Tình trạng hôn nhân;\n   i) Thông tin về mối quan hệ gia đình (cha mẹ, con cái);\n   k) Thông tin về tài khoản số của cá nhân; dữ liệu cá nhân phản ánh hoạt động, lịch sử hoạt động trên không gian mạng;\n   l) Các thông tin khác gắn liền với một con người cụ thể hoặc giúp xác định một con người cụ thể không thuộc quy định tại khoản 4 Điều này.\n\n4. Dữ liệu cá nhân nhạy cảm là dữ liệu cá nhân gắn liền với quyền riêng tư của cá nhân mà khi bị xâm phạm sẽ gây ảnh hưởng trực tiếp tới quyền và lợi ích hợp pháp của cá nhân gồm:\n   a) Quan điểm chính trị, quan điểm tôn giáo;\n   b) Tình trạng sức khỏe và đời tư được ghi trong hồ sơ bệnh án, không bao gồm thông tin về nhóm máu;\n```""]","Doanh thu được ghi nhận trong các báo cáo tài chính có thể liên quan đến thông tin cá nhân của khách hàng, như thông tin định danh và thông tin tài khoản. Việc xử lý thông tin cá nhân này phải tuân thủ các quy định pháp luật để bảo vệ quyền lợi hợp pháp của cá nhân, bao gồm việc không cung cấp thông tin cá nhân nếu điều đó có thể gây tổn hại tới sức khỏe hoặc an toàn của người khác.",reasoning
Công ty cổ phần DHA Surfaces có trách nhiệm gì trong việc xử lý dữ liệu cá nhân theo quy định của pháp luật?,Không tìm thấy thông tin trong tài liệu.,"[""# Điều 38. Trách nhiệm của Bên Kiểm soát dữ liệu cá nhân\n\n\n1. Thực hiện các biện pháp tổ chức và kỹ thuật cùng các biện pháp an toàn, bảo mật phù hợp để chứng minh các hoạt động xử lý dữ liệu cá nhân được thực hiện theo quy định của pháp luật về bảo vệ dữ liệu cá nhân, rà soát và cập nhật các biện pháp này khi cần thiết.\n\n2. Ghi lại và lưu trữ nhật ký hệ thống quá trình xử lý dữ liệu cá nhân.\n\n3. Thông báo hành vi vi phạm quy định về bảo vệ dữ liệu cá nhân theo quy định tại Điều 23 Nghị định này.\n\n4. Lựa chọn Bên Xử lý dữ liệu cá nhân phù hợp với nhiệm vụ rõ ràng và chi làm việc với Bên Xử lý dữ liệu cá nhân có các biện pháp bảo vệ phù hợp.\n\n5. Bảo đảm các quyền của chủ thể dữ liệu theo quy định tại Điều 9 Nghị định này.\n\n6. Bên Kiểm soát dữ liệu cá nhân chịu trách nhiệm trước chủ thể dữ liệu về các thiệt hại do quá trình xử lý dữ liệu cá nhân gây ra.\n\n7. Phối hợp với Bộ Công an, cơ quan nhà nước có thẩm quyền trong bảo vệ dữ liệu cá nhân, cung cấp thông tin phục vụ điều tra, xử lý hành vi vi phạm quy định của pháp luật về bảo vệ dữ liệu cá nhân."", ""## Điều 17. Xử lý dữ liệu cá nhân trong trường hợp không cần sự đồng ý của chủ thể dữ liệu\n\n\n1. Trong trường hợp khẩn cấp, cần xử lý ngay dữ liệu cá nhân có liên quan để bảo vệ tính mạng, sức khỏe của chủ thể dữ liệu hoặc người khác. Bên Kiểm soát dữ liệu cá nhân, Bên Xử lý dữ liệu cá nhân, Bên Kiểm soát và xử lý dữ liệu cá nhân, Bên thứ ba có trách nhiệm chứng minh trường hợp này.\n\n2. Việc công khai dữ liệu cá nhân theo quy định của luật.\n\n3. Việc xử lý dữ liệu của cơ quan nhà nước có thẩm quyền trong trường hợp tình trạng khẩn cấp về quốc phòng, an ninh quốc gia, trật tự an toàn xã hội, thảm họa lớn, dịch bệnh nguy hiểm; khi có nguy cơ đe dọa an ninh, quốc phòng nhưng chưa đến mức ban bố tình trạng khẩn cấp; phòng, chống bạo loạn, khủng bố, phòng, chống tội phạm và vi phạm pháp luật theo quy định của luật.\n\n4. Để thực hiện nghĩa vụ theo hợp đồng của chủ thể dữ liệu với cơ quan, tổ chức, cá nhân có liên quan theo quy định của luật.\n\n5. Phục vụ hoạt động của cơ quan nhà nước đã được quy định theo luật chuyên ngành."", ""## Trang 14\n\n\n```markdown\na) Pháp luật quy định không cho phép xóa dữ liệu;\n\nb) Dữ liệu cá nhân được xử lý bởi cơ quan nhà nước có thẩm quyền với mục đích phục vụ hoạt động của cơ quan nhà nước quy định của pháp luật;\n\nc) Dữ liệu cá nhân đã được công khai theo quy định của pháp luật;\n\nd) Dữ liệu cá nhân được xử lý nhằm phục vụ yêu cầu pháp lý, nghiên cứu khoa học, thống kê theo quy định của pháp luật;\n\nd) Trong trường hợp tình trạng khẩn cấp về quốc phòng, an ninh quốc gia, trật tự an toàn xã hội, thảm họa lớn, dịch bệnh nguy hiểm; khi có nguy cơ de dọa an ninh, quốc phòng nhưng chưa đến mức ban bố tình trạng khẩn cấp; phòng, chống bạo loạn, khủng bố, phòng, chống tội phạm và vi phạm pháp luật;\n\ne) Ứng phó với tình huống khẩn cấp de dọa đến tính mạng, sức khỏe hoặc sự an toàn của chủ thể dữ liệu hoặc cá nhân khác.\n\n3. Trường hợp doanh nghiệp chia, tách, sáp nhập, hợp nhất, giải thể thì dữ liệu cá nhân được chuyển giao theo quy định của pháp luật.\n\n4. Trường hợp chia, tách, sáp nhập cơ quan, tổ chức, đơn vị hành chính và nhân được chuyển giao theo quy định của pháp luật.\n\n5. Việc xóa dữ liệu được thực hiện trong 72 giờ sau khi có yêu cầu của chủ thể dữ liệu với toàn bộ dữ liệu cá nhân mà Bên Kiểm soát dữ liệu cá nhân, Bên Kiểm soát và xử lý dữ liệu cá nhân thu thập được, trừ trường hợp pháp luật có quy định khác.\n\n6. Bên Kiểm soát dữ liệu cá nhân, Bên Kiểm soát và xử lý dữ liệu cá nhân, Bên Xử lý dữ liệu cá nhân, Bên thứ ba lưu trữ dữ liệu cá nhân theo hình thức phù hợp với hoạt động của mình và có biện pháp bảo vệ dữ liệu cá nhân theo quy định của pháp luật.\n\n7. Bên Kiểm soát dữ liệu cá nhân, Bên Kiểm soát và xử lý dữ liệu cá nhân, Bên thứ ba xóa không thể khôi phục trong trường hợp:\n\na) Xử lý dữ liệu không đúng mục đích hoặc đã hoàn thành mục đích xử lý dữ liệu cá nhân được chủ thể dữ liệu đồng ý;\n\nb) Việc lưu trữ dữ liệu cá nhân không còn cần thiết với hoạt động của Bên Kiểm soát dữ liệu cá nhân, Bên Kiểm soát và xử lý dữ liệu cá nhân, Bên thứ ba;\n```""]","Công ty cổ phần DHA Surfaces, như một bên kiểm soát dữ liệu cá nhân, có trách nhiệm tuân thủ các nguyên tắc xử lý dữ liệu được quy định tại pháp luật. Điều này bao gồm việc đảm bảo rằng dữ liệu cá nhân được xử lý đúng mục đích, được bảo vệ an toàn và không bị thu thập trái phép. Họ cũng phải chứng minh sự tuân thủ các quy định về bảo vệ dữ liệu cá nhân và thông báo cho cơ quan chức năng trong trường hợp có vi phạm.",reasoning
What is the significance of the consent of the data subject in relation to the value-added tax (VAT) obligations outlined in the provided context?,Không tìm thấy thông tin trong tài liệu.,"[""### Điều 11. Sự đồng ý của chủ thể dữ liệu\n\n\n1. Sự đồng ý của chủ thể dữ liệu được áp dụng đối với tất cả các hoạt động trong quy trình xử lý dữ liệu cá nhân, trừ trường hợp luật có quy định khác.\n\n2. Sự đồng ý của chủ thể dữ liệu chỉ có hiệu lực khi chủ thể dữ liệu tự nguyện và biết rõ các nội dung sau:\n   a) Loại dữ liệu cá nhân được xử lý;  \n   b) Mục đích xử lý dữ liệu cá nhân;  \n   c) Tổ chức, cá nhân được xử lý dữ liệu cá nhân;  \n   d) Các quyền, nghĩa vụ của chủ thể dữ liệu.  \n\n3. Sự đồng ý của chủ thể dữ liệu phải được thể hiện rõ ràng, cụ thể bằng văn bản, giọng nói, đánh dấu vào ô đồng ý, cú pháp đồng ý qua tin nhắn, chọn các thiết lập kỹ thuật đồng ý hoặc một hành động thể hiện được điều này.\n\n4. Sự đồng ý phải được tiến hành cho cùng mục đích. Khi có nhiều mục đích, Bên Kiểm soát dữ liệu cá nhân, Bên Kiểm soát và xử lý dữ liệu cá nhân liệt kê các mục đích để chủ thể dữ liệu đồng ý với một hoặc nhiều mục đích nêu ra.\n\n5. Sự đồng ý của chủ thể dữ liệu phải được thể hiện ở một định dạng có thể được in, sao chép bằng văn bản, bao gồm cả dưới dạng điện tử hoặc định dạng kiểm chứng được.\n\n6. Sự im lặng hoặc không phản hồi của chủ thể dữ liệu không được coi là sự đồng ý.\n\n7. Chủ thể dữ liệu có thể đồng ý một phần hoặc vối điều kiện kèm theo.\n\n8. Đối với xử lý dữ liệu cá nhân nhạy cảm, chủ thể dữ liệu phải được thông báo rằng dữ liệu cần sự đồng ý là dữ liệu cá nhân nhạy cảm.\n\n9. Sự đồng ý của chủ thể dữ liệu có hiệu lực cho tới khi chủ thể dữ liệu có quyết định khác hoặc khi cơ quan nhà nước có thẩm quyền yêu cầu bằng văn bản.\n\n10. Trong trường hợp có tranh chấp, trách nhiệm chứng minh sự đồng ý của chủ thể dữ liệu thuộc về Bên Kiểm soát dữ liệu cá nhân, Bên Kiểm soát và xử lý dữ liệu cá nhân.\n```"", ""## Điều 12. Rút lại sự đồng ý\n\n\n1. Việc rút lại sự đồng ý không ảnh hưởng đến tính hợp pháp của việc xử lý dữ liệu đã được đồng ý trước khi rút lại sự đồng ý.\n\n2. Việc rút lại sự đồng ý phải được thể hiện ở một định dạng có thể được in, sao chép bằng văn bản, bao gồm cả dưới dạng điện tử hoặc định dạng kiên chứng được.\n\n3. Khi nhận yêu cầu rút lại sự đồng ý của chủ thể dữ liệu, Bên Kiểm soát dữ liệu cá nhân, Bên Kiểm soát và xử lý dữ liệu cá nhân thông báo cho chủ thể dữ liệu về hậu quả, thiệt hại có thể xảy ra khi rút lại sự đồng ý.\n\n4. Sau khi thực hiện quy định tại khoản 2 Điều này, Bên Kiểm soát dữ liệu, Bên Xử lý dữ liệu, Bên Kiểm soát và xử lý dữ liệu, Bên thứ ba phải ngừng và yêu cầu các tổ chức, cá nhân có liên quan ngừng xử lý dữ liệu của chủ thể dữ liệu đã rút lại sự đồng ý."", ""## Điều 13. Thông báo xử lý dữ liệu cá nhân\n\n\n1. Việc thông báo được thực hiện một lần trước khi tiến hành đối với hoạt động xử lý dữ liệu cá nhân.\n\n2. Nội dung thông báo cho chủ thể dữ liệu về xử lý dữ liệu cá nhân:\n\n   a) Mục đích xử lý;\n\n   b) Loại dữ liệu cá nhân được sử dụng có liên quan tới mục đích xử lý quy định tại điểm a khoản 2 Điều này;\n\n   c) Cách thức xử lý;\n\n   d) Thông tin về các tổ chức, cá nhân khác có liên quan tới mục đích xử lý quy định tại điểm a khoản 2 Điều này;\n\n   e) Hậu quả, thiệt hại không mong muốn có khả năng xảy ra;\n\n   f) Thời gian bắt đầu, thời gian kết thúc xử lý dữ liệu.\n\n3. Việc thông báo cho chủ thể dữ liệu phải được thể hiện ở một định dạng có thể được in, sao chép bằng văn bản, bao gồm cả dưới dạng điện tử hoặc định dạng kiên chứng được.\n```""]","The consent of the data subject is crucial as it ensures that the processing of personal data complies with legal requirements. In the context of value-added tax (VAT), the obligations outlined indicate that businesses must handle personal data responsibly, particularly when it comes to financial transactions and tax reporting. The data subject's consent must be clear and voluntary, allowing for the lawful processing of their data, which is essential for fulfilling VAT obligations and protecting the rights of individuals.",reasoning
What steps must be taken to control personal data violations and what are the conditions for transferring personal data abroad according to the regulations?,Không tìm thấy thông tin trong tài liệu.,"[""### Điều 1. Phạm vi điều chỉnh và đối tượng áp dụng\n\n1. Nghị định này quy định về bảo vệ dữ liệu cá nhân và trách nhiệm bảo vệ dữ liệu cá nhân của cơ quan, tổ chức, cá nhân có liên quan.  \n2. Nghị định này áp dụng đối với:  \n   a) Cơ quan, tổ chức, cá nhân Việt Nam;  \n   b) Cơ quan, tổ chức, cá nhân nước ngoài tại Việt Nam;  \n   c) Cơ quan, tổ chức, cá nhân Việt Nam hoạt động tại nước ngoài;  \n   d) Cơ quan, tổ chức, cá nhân nước ngoài trực tiếp tham gia hoặc liên quan đến hoạt động xử lý dữ liệu cá nhân tại Việt Nam.  \n```"", ""### Điều 3. Nguyên tắc bảo vệ dữ liệu cá nhân\n\n\n1. Dữ liệu cá nhân được xử lý theo quy định của pháp luật.\n\n2. Chủ thể dữ liệu được biết về hoạt động liên quan tới xử lý dữ liệu cá nhân của mình, trừ trường hợp luật có quy định khác.\n\n3. Dữ liệu cá nhân chỉ được xử lý đúng với mục đích đã được Bên Kiểm soát dữ liệu cá nhân, Bên Xử lý dữ liệu cá nhân, Bên Kiểm soát và xử lý dữ liệu cá nhân, Bên thứ ba đang ký, tuyên bố về xử lý dữ liệu cá nhân.\n\n4. Dữ liệu cá nhân thu thập phải phù hợp và giới hạn trong phạm vi, mục đích cần xử lý. Dữ liệu cá nhân không được mua, bán dưới mọi hình thức, trừ trường hợp luật có quy định khác.\n\n5. Dữ liệu cá nhân được cập nhật, bổ sung phù hợp với mục đích xử lý.\n```"", ""## Điều 4. Xử lý vi phạm quy định bảo vệ dữ liệu cá nhân\n\n\nCơ quan, tổ chức, cá nhân vi phạm quy định bảo vệ dữ liệu cá nhân tùy theo mức độ có thể bị xử lý kỷ luật, xử phạt vi phạm hành chính, xử lý hình sự theo quy định.""]","To control personal data violations, it is essential to act as quickly as possible upon noticing a breach of data protection regulations. This includes notifying the relevant authorities with a description of the violation, contact details of the data protection officer, potential harm caused, and measures taken to mitigate the impact. Regarding the transfer of personal data abroad, the organization must complete the necessary documentation within 10 days of the request. The Ministry of Public Security can conduct annual checks on data transfers and may halt such transfers if the data is used in ways that violate national interests or if there are breaches of data protection laws.",multi_context
"What are the responsibilities of organizations in Vietnam regarding the protection of personal data, and how do they ensure compliance with the regulations outlined in the documents submitted to the Ministry of Public Security?","Trách nhiệm của tổ chức, cá nhân có liên quan đến bảo vệ dữ liệu cá nhân tại Việt Nam bao gồm:

1. Có biện pháp bảo vệ dữ liệu cá nhân của mình, chịu trách nhiệm về tính chính xác của dữ liệu cá nhân do mình cung cấp.
2. Thực hiện quy định về bảo vệ dữ liệu cá nhân tại Nghị định này.
3. Thông báo kịp thời cho Bộ Công an về những vi phạm liên quan tới hoạt động bảo vệ dữ liệu cá nhân.
4. Phối hợp với Bộ Công an trong xử lý những vi phạm liên quan tới hoạt động bảo vệ dữ liệu cá nhân.","[""## Trang 22\n\n\n```markdown\n2. Các biện pháp bảo vệ dữ liệu cá nhân, bao gồm:\n\n   a) Biện pháp quản lý do tổ chức, cá nhân có liên quan tới xử lý dữ liệu cá nhân thực hiện;\n\n   b) Biện pháp kỹ thuật do tổ chức, cá nhân có liên quan tới xử lý dữ liệu cá nhân thực hiện;\n\n   c) Biện pháp do cơ quan quản lý nhà nước có thẩm quyền thực hiện theo quy định của Nghị định này và pháp luật có liên quan;\n\n   d) Biện pháp điều tra, tố tụng do cơ quan nhà nước có thẩm quyền thực hiện;\n\n   e) Các biện pháp khác theo quy định của pháp luật.\n\nĐiều 27. Bảo vệ dữ liệu cá nhân cơ bản\n\n1. Áp dụng các biện pháp được quy định tại khoản 2 Điều 26 Nghị định này.\n\n2. Xây dựng, ban hành các quy định về bảo vệ dữ liệu cá nhân, nếu rõ những việc cần thực hiện theo quy định của Nghị định này.\n\n3. Khuyến khích áp dụng các tiêu chuẩn bảo vệ dữ liệu cá nhân phù hợp với lĩnh vực, ngành nghề, hoạt động có liên quan tới xử lý dữ liệu cá nhân.\n\n4. Kiểm tra an ninh mạng đối với hệ thống và phương tiện, thiết bị phục vụ xử lý dữ liệu cá nhân trước khi xử lý, xóa không thể khôi phục được hoặc hủy các thiết bị chứa dữ liệu cá nhân.\n\nĐiều 28. Bảo vệ dữ liệu cá nhân nhạy cảm\n\n1. Áp dụng các biện pháp được quy định tại khoản 2 Điều 26 và Điều 27 Nghị định này.\n\n2. Chỉ định bộ phận có chức năng bảo vệ dữ liệu cá nhân, chỉ định nhân sự phụ trách bảo vệ dữ liệu cá nhân và trao đổi thông tin về bộ phận và cá nhân phụ trách bảo vệ dữ liệu cá nhân với Cơ quan chủ quản trách bảo vệ dữ liệu cá nhân. Trường hợp Bên Kiểm soát dữ liệu cá nhân, Bên Kiểm soát và xử lý dữ liệu cá nhân, Bên Xử lý dữ liệu, Bên thứ ba là cá nhân trao đổi thông tin cá nhân thực hiện.\n\n3. Thông báo cho chủ thể dữ liệu biết việc dữ liệu cá nhân nhạy cảm của chủ thể dữ liệu được xử lý, trừ trường hợp quy định tại khoản 4 Điều 13, Điều 17 và Điều 18 Nghị định này.\n```"", ""### Điều 42. Trách nhiệm của tổ chức, cá nhân có liên quan\n\n1. Có biện pháp bảo vệ dữ liệu cá nhân của mình, chịu trách nhiệm về tính chính xác của dữ liệu cá nhân do mình cung cấp.\n\n2. Thực hiện quy định về bảo vệ dữ liệu cá nhân tại Nghị định này.\n\n3. Thông báo kịp thời cho Bộ Công an về những vi phạm liên quan tới hoạt động bảo vệ dữ liệu cá nhân.\n\n4. Phối hợp với Bộ Công an trong xử lý những vi phạm liên quan tới hoạt động bảo vệ dữ liệu cá nhân."", ""## Điều 31. Kinh phí bảo đảm hoạt động bảo vệ dữ liệu cá nhân\n\n\n1. Nguồn tài chính thực hiện bảo vệ dữ liệu cá nhân bao gồm ngân sách nhà nước; ủng hộ của cơ quan, tổ chức, cá nhân trong và ngoài nước; nguồn thu từ hoạt động cung cấp dịch vụ bảo vệ dữ liệu cá nhân; viện trợ quốc tế và các nguồn thu hợp pháp khác.\n\n2. Kinh phí bảo vệ dữ liệu cá nhân của cơ quan nhà nước do ngân sách nhà nước bảo đảm, được bố trí trong dự toán ngân sách nhà nước hàng năm. Việc quản lý, sử dụng kinh phí từ ngân sách nhà nước được thực hiện theo quy định của pháp luật về ngân sách nhà nước.\n\n3. Kinh phí bảo vệ dữ liệu cá nhân của tổ chức, doanh nghiệp tự bố trí và thực hiện theo quy định.""]","Organizations in Vietnam are required to provide detailed information about their operations and the measures they take to protect personal data when submitting documents to the Ministry of Public Security. This includes specifying the name and address of the organization, the legal documents that establish their business, and the personnel responsible for data protection. They must also describe any violations of data protection regulations, including the time, location, and nature of the violation, as well as the consequences and measures taken to address these issues. Furthermore, organizations must commit to the accuracy and legality of the information provided and the accompanying documents, ensuring accountability before the law.",multi_context
"What are the responsibilities of the data processor and the data controller regarding personal data transfer as outlined in the Nghị định, and how do they ensure compliance with data protection regulations?",Không tìm thấy thông tin trong tài liệu.,"[""# Điều 38. Trách nhiệm của Bên Kiểm soát dữ liệu cá nhân\n\n\n1. Thực hiện các biện pháp tổ chức và kỹ thuật cùng các biện pháp an toàn, bảo mật phù hợp để chứng minh các hoạt động xử lý dữ liệu cá nhân được thực hiện theo quy định của pháp luật về bảo vệ dữ liệu cá nhân, rà soát và cập nhật các biện pháp này khi cần thiết.\n\n2. Ghi lại và lưu trữ nhật ký hệ thống quá trình xử lý dữ liệu cá nhân.\n\n3. Thông báo hành vi vi phạm quy định về bảo vệ dữ liệu cá nhân theo quy định tại Điều 23 Nghị định này.\n\n4. Lựa chọn Bên Xử lý dữ liệu cá nhân phù hợp với nhiệm vụ rõ ràng và chi làm việc với Bên Xử lý dữ liệu cá nhân có các biện pháp bảo vệ phù hợp.\n\n5. Bảo đảm các quyền của chủ thể dữ liệu theo quy định tại Điều 9 Nghị định này.\n\n6. Bên Kiểm soát dữ liệu cá nhân chịu trách nhiệm trước chủ thể dữ liệu về các thiệt hại do quá trình xử lý dữ liệu cá nhân gây ra.\n\n7. Phối hợp với Bộ Công an, cơ quan nhà nước có thẩm quyền trong bảo vệ dữ liệu cá nhân, cung cấp thông tin phục vụ điều tra, xử lý hành vi vi phạm quy định của pháp luật về bảo vệ dữ liệu cá nhân."", ""### Điều 42. Trách nhiệm của tổ chức, cá nhân có liên quan\n\n1. Có biện pháp bảo vệ dữ liệu cá nhân của mình, chịu trách nhiệm về tính chính xác của dữ liệu cá nhân do mình cung cấp.\n\n2. Thực hiện quy định về bảo vệ dữ liệu cá nhân tại Nghị định này.\n\n3. Thông báo kịp thời cho Bộ Công an về những vi phạm liên quan tới hoạt động bảo vệ dữ liệu cá nhân.\n\n4. Phối hợp với Bộ Công an trong xử lý những vi phạm liên quan tới hoạt động bảo vệ dữ liệu cá nhân."", ""## Điều 23. Thông báo vi phạm quy định về bảo vệ dữ liệu cá nhân\n\n\n1. Trường hợp phát hiện xảy ra vi phạm quy định bảo vệ dữ liệu cá nhân, Bên Kiểm soát dữ liệu cá nhân, Bên Kiểm soát và xử lý dữ liệu cá nhân thông báo cho Bộ Công an (Cục An ninh mạng và phòng, chống tội phạm sử dụng công nghệ cao) chậm nhất 72 giờ sau khi xảy ra hành vi vi phạm theo Mẫu số 03 tại Phụ lục của Nghị định này. Trường hợp thông báo sau 72 giờ thì phải kèm theo lý do thông báo chậm, muộn.\n\n2. Bên Xử lý dữ liệu cá nhân phải thông báo cho Bên Kiểm soát dữ liệu cá nhân một cách nhanh nhất có thể sau khi nhận thấy có sự vi phạm quy định về bảo vệ dữ liệu cá nhân.\n\n3. Nội dung thông báo vi phạm quy định về bảo vệ dữ liệu cá nhân:\n\n   a) Mô tả tính chất của việc vi phạm quy định bảo vệ dữ liệu cá nhân, bao gồm: thời gian, địa điểm, hành vi, tổ chức, cá nhân, các loại dữ liệu cá nhân và số lượng dữ liệu liên quan;\n\n   b) Chi tiết liên lạc của nhân viên được giao nhiệm vụ bảo vệ dữ liệu hoặc tổ chức, cá nhân chịu trách nhiệm bảo vệ dữ liệu cá nhân;\n\n   c) Mô tả tác hại, thiệt hại có thể xảy ra của việc vi phạm quy định bảo vệ dữ liệu cá nhân;\n\n   d) Mô tả các biện pháp được đưa ra để giải quyết, giảm thiểu tác hại của hành vi vi phạm quy định bảo vệ dữ liệu cá nhân.\n\n4. Trường hợp không thể thông báo đầy đủ các nội dung quy định tại khoản 3 Điều này, việc thông báo có thể được thực hiện theo từng đợt, từng giai đoạn.\n```""]","According to the Nghị định, the responsibilities of the data processor include only receiving personal data after having a contract or agreement with the data controller, processing the data in accordance with that contract, and implementing all necessary measures to protect personal data as specified in the Nghị định and related legal documents. Additionally, the data processor must return or delete all personal data after processing is completed. The data controller, on the other hand, is responsible for ensuring compliance with data protection regulations, including notifying the Ministry of Public Security about any violations related to personal data protection activities. Both parties must cooperate with the Ministry of Public Security and relevant authorities to safeguard personal data and provide information for investigations into any violations of data protection laws.",multi_context
What are the responsibilities of the government in ensuring compliance with data protection regulations as outlined in the recent decree on personal data protection?,Không tìm thấy thông tin trong tài liệu.,"[""## Điều 13. Thông báo xử lý dữ liệu cá nhân\n\n\n1. Việc thông báo được thực hiện một lần trước khi tiến hành đối với hoạt động xử lý dữ liệu cá nhân.\n\n2. Nội dung thông báo cho chủ thể dữ liệu về xử lý dữ liệu cá nhân:\n\n   a) Mục đích xử lý;\n\n   b) Loại dữ liệu cá nhân được sử dụng có liên quan tới mục đích xử lý quy định tại điểm a khoản 2 Điều này;\n\n   c) Cách thức xử lý;\n\n   d) Thông tin về các tổ chức, cá nhân khác có liên quan tới mục đích xử lý quy định tại điểm a khoản 2 Điều này;\n\n   e) Hậu quả, thiệt hại không mong muốn có khả năng xảy ra;\n\n   f) Thời gian bắt đầu, thời gian kết thúc xử lý dữ liệu.\n\n3. Việc thông báo cho chủ thể dữ liệu phải được thể hiện ở một định dạng có thể được in, sao chép bằng văn bản, bao gồm cả dưới dạng điện tử hoặc định dạng kiên chứng được.\n```"", ""## Điều 12. Rút lại sự đồng ý\n\n\n1. Việc rút lại sự đồng ý không ảnh hưởng đến tính hợp pháp của việc xử lý dữ liệu đã được đồng ý trước khi rút lại sự đồng ý.\n\n2. Việc rút lại sự đồng ý phải được thể hiện ở một định dạng có thể được in, sao chép bằng văn bản, bao gồm cả dưới dạng điện tử hoặc định dạng kiên chứng được.\n\n3. Khi nhận yêu cầu rút lại sự đồng ý của chủ thể dữ liệu, Bên Kiểm soát dữ liệu cá nhân, Bên Kiểm soát và xử lý dữ liệu cá nhân thông báo cho chủ thể dữ liệu về hậu quả, thiệt hại có thể xảy ra khi rút lại sự đồng ý.\n\n4. Sau khi thực hiện quy định tại khoản 2 Điều này, Bên Kiểm soát dữ liệu, Bên Xử lý dữ liệu, Bên Kiểm soát và xử lý dữ liệu, Bên thứ ba phải ngừng và yêu cầu các tổ chức, cá nhân có liên quan ngừng xử lý dữ liệu của chủ thể dữ liệu đã rút lại sự đồng ý."", ""### Điều 11. Sự đồng ý của chủ thể dữ liệu\n\n\n1. Sự đồng ý của chủ thể dữ liệu được áp dụng đối với tất cả các hoạt động trong quy trình xử lý dữ liệu cá nhân, trừ trường hợp luật có quy định khác.\n\n2. Sự đồng ý của chủ thể dữ liệu chỉ có hiệu lực khi chủ thể dữ liệu tự nguyện và biết rõ các nội dung sau:\n   a) Loại dữ liệu cá nhân được xử lý;  \n   b) Mục đích xử lý dữ liệu cá nhân;  \n   c) Tổ chức, cá nhân được xử lý dữ liệu cá nhân;  \n   d) Các quyền, nghĩa vụ của chủ thể dữ liệu.  \n\n3. Sự đồng ý của chủ thể dữ liệu phải được thể hiện rõ ràng, cụ thể bằng văn bản, giọng nói, đánh dấu vào ô đồng ý, cú pháp đồng ý qua tin nhắn, chọn các thiết lập kỹ thuật đồng ý hoặc một hành động thể hiện được điều này.\n\n4. Sự đồng ý phải được tiến hành cho cùng mục đích. Khi có nhiều mục đích, Bên Kiểm soát dữ liệu cá nhân, Bên Kiểm soát và xử lý dữ liệu cá nhân liệt kê các mục đích để chủ thể dữ liệu đồng ý với một hoặc nhiều mục đích nêu ra.\n\n5. Sự đồng ý của chủ thể dữ liệu phải được thể hiện ở một định dạng có thể được in, sao chép bằng văn bản, bao gồm cả dưới dạng điện tử hoặc định dạng kiểm chứng được.\n\n6. Sự im lặng hoặc không phản hồi của chủ thể dữ liệu không được coi là sự đồng ý.\n\n7. Chủ thể dữ liệu có thể đồng ý một phần hoặc vối điều kiện kèm theo.\n\n8. Đối với xử lý dữ liệu cá nhân nhạy cảm, chủ thể dữ liệu phải được thông báo rằng dữ liệu cần sự đồng ý là dữ liệu cá nhân nhạy cảm.\n\n9. Sự đồng ý của chủ thể dữ liệu có hiệu lực cho tới khi chủ thể dữ liệu có quyết định khác hoặc khi cơ quan nhà nước có thẩm quyền yêu cầu bằng văn bản.\n\n10. Trong trường hợp có tranh chấp, trách nhiệm chứng minh sự đồng ý của chủ thể dữ liệu thuộc về Bên Kiểm soát dữ liệu cá nhân, Bên Kiểm soát và xử lý dữ liệu cá nhân.\n```""]","The responsibilities of the government in ensuring compliance with data protection regulations, as outlined in the recent decree on personal data protection, include helping to manage state oversight of personal data protection, coordinating alerts about risks and violations of personal data, and ensuring that financial resources for personal data protection are allocated from the state budget. Additionally, the government is tasked with developing programs to enhance awareness and skills related to personal data protection among organizations and individuals.",multi_context
What are the requirements for organizations in CỘNG HÒA XÃ HỘI CHỦ NGHĨA VIỆT NAM regarding personal data protection violations?,Không tìm thấy thông tin trong tài liệu.,"[""### Điều 1. Phạm vi điều chỉnh và đối tượng áp dụng\n\n1. Nghị định này quy định về bảo vệ dữ liệu cá nhân và trách nhiệm bảo vệ dữ liệu cá nhân của cơ quan, tổ chức, cá nhân có liên quan.  \n2. Nghị định này áp dụng đối với:  \n   a) Cơ quan, tổ chức, cá nhân Việt Nam;  \n   b) Cơ quan, tổ chức, cá nhân nước ngoài tại Việt Nam;  \n   c) Cơ quan, tổ chức, cá nhân Việt Nam hoạt động tại nước ngoài;  \n   d) Cơ quan, tổ chức, cá nhân nước ngoài trực tiếp tham gia hoặc liên quan đến hoạt động xử lý dữ liệu cá nhân tại Việt Nam.  \n```"", ""## Điều 8. Hành vi bị nghiêm cấm\n\n1. Xử lý dữ liệu cá nhân trái với quy định của pháp luật về bảo vệ dữ liệu cá nhân.\n\n2. Xử lý dữ liệu cá nhân để tạo ra thông tin, dữ liệu nhằm chống lại Nhà nước Cộng hòa xã hội chủ nghĩa Việt Nam.\n\n3. Xử lý dữ liệu cá nhân để tạo ra thông tin, dữ liệu gây ảnh hưởng tới an ninh quốc gia, trật tự an toàn xã hội, quyền và lợi ích hợp pháp của tổ chức, cá nhân khác.\n\n4. Cản trở hoạt động bảo vệ dữ liệu cá nhân của cơ quan có thẩm quyền.\n\n5. Lợi dụng hoạt động bảo vệ dữ liệu cá nhân để vi phạm pháp luật.\n```"", ""## Điều 18. Xử lý dữ liệu cá nhân thu được từ hoạt động ghi âm, ghi hình tại nơi công cộng\n\n\nCơ quan, tổ chức có thẩm quyền được ghi âm, ghi hình và xử lý dữ liệu cá nhân thu được từ hoạt động ghi âm, ghi hình tại nơi công cộng với mục đích bảo vệ an ninh quốc gia, trật tự an toàn xã hội, quyền và lợi ích hợp pháp của tổ chức, cá nhân theo quy định của pháp luật mà không cần có sự đồng ý của chủ thể. Khi thực hiện việc ghi âm, ghi hình, cơ quan, tổ chức có thẩm quyền có trách nhiệm thông báo để chủ thể hiểu được mình đang bị ghi âm, ghi hình, trừ trường hợp pháp luật có quy định khác.""]","Organizations in CỘNG HÒA XÃ HỘI CHỦ NGHĨA VIỆT NAM must provide a detailed report to the Bộ Công an when there is a violation of personal data protection regulations. This report should include information about the organization, such as its name, address, and contact details, as well as a description of the violation, including the time, location, and nature of the violation, the individuals or organizations involved, the types and quantities of personal data affected, the consequences of the violation, and the measures taken to address it.",multi_context
"What are the responsibilities of organizations in the Socialist Republic of Vietnam regarding personal data protection, and what actions are prohibited under the law?","Trách nhiệm của các tổ chức tại Việt Nam về bảo vệ dữ liệu cá nhân bao gồm:

1. Tuân thủ quy định của pháp luật về xử lý dữ liệu cá nhân.
2. Thông báo cho chủ thể dữ liệu về hoạt động xử lý dữ liệu cá nhân.
3. Đảm bảo dữ liệu cá nhân được xử lý đúng mục đích đã đăng ký.
4. Thu thập dữ liệu cá nhân phù hợp và giới hạn trong phạm vi cần thiết.
5. Cập nhật, bổ sung dữ liệu cá nhân phù hợp với mục đích xử lý.
6. Áp dụng biện pháp bảo vệ, bảo mật dữ liệu cá nhân trong quá trình xử lý.
7. Lưu trữ dữ liệu cá nhân trong khoảng thời gian phù hợp với mục đích xử lý.

Hành vi bị cấm bao gồm:

1. Mua, bán dữ liệu cá nhân dưới mọi hình thức, trừ trường hợp luật có quy định khác.","[""### Điều 1. Phạm vi điều chỉnh và đối tượng áp dụng\n\n1. Nghị định này quy định về bảo vệ dữ liệu cá nhân và trách nhiệm bảo vệ dữ liệu cá nhân của cơ quan, tổ chức, cá nhân có liên quan.  \n2. Nghị định này áp dụng đối với:  \n   a) Cơ quan, tổ chức, cá nhân Việt Nam;  \n   b) Cơ quan, tổ chức, cá nhân nước ngoài tại Việt Nam;  \n   c) Cơ quan, tổ chức, cá nhân Việt Nam hoạt động tại nước ngoài;  \n   d) Cơ quan, tổ chức, cá nhân nước ngoài trực tiếp tham gia hoặc liên quan đến hoạt động xử lý dữ liệu cá nhân tại Việt Nam.  \n```"", ""### Điều 3. Nguyên tắc bảo vệ dữ liệu cá nhân\n\n\n1. Dữ liệu cá nhân được xử lý theo quy định của pháp luật.\n\n2. Chủ thể dữ liệu được biết về hoạt động liên quan tới xử lý dữ liệu cá nhân của mình, trừ trường hợp luật có quy định khác.\n\n3. Dữ liệu cá nhân chỉ được xử lý đúng với mục đích đã được Bên Kiểm soát dữ liệu cá nhân, Bên Xử lý dữ liệu cá nhân, Bên Kiểm soát và xử lý dữ liệu cá nhân, Bên thứ ba đang ký, tuyên bố về xử lý dữ liệu cá nhân.\n\n4. Dữ liệu cá nhân thu thập phải phù hợp và giới hạn trong phạm vi, mục đích cần xử lý. Dữ liệu cá nhân không được mua, bán dưới mọi hình thức, trừ trường hợp luật có quy định khác.\n\n5. Dữ liệu cá nhân được cập nhật, bổ sung phù hợp với mục đích xử lý.\n```"", ""## Trang 5\n\n\n```markdown\n6. Dữ liệu cá nhân được áp dụng các biện pháp bảo vệ, bảo mật trong quá trình xử lý, bao gồm cả việc bảo vệ trước các hành vi vi phạm quy định về bảo vệ dữ liệu cá nhân và phòng, chống sự mất mát, phá hủy hoặc thiệt hại do sự cố, sử dụng các biện pháp kỹ thuật.\n\n7. Dữ liệu cá nhân chỉ được lưu trữ trong khoảng thời gian phù hợp với mục đích xử lý dữ liệu, trừ trường hợp pháp luật có quy định khác.\n\n8. Bên Kiểm soát dữ liệu, Bên Kiểm soát và xử lý dữ liệu cá nhân phải chịu trách nhiệm tuân thủ các nguyên tắc xử lý dữ liệu được quy định tại khoản 1 Điều này và chứng minh sự tuân thủ của mình với các nguyên tắc xử lý dữ liệu đó.""]","Organizations in the Socialist Republic of Vietnam are responsible for ensuring compliance with personal data protection regulations, which includes submitting impact assessments on personal data processing to the Ministry of Public Security. They must also designate personnel responsible for data protection and report on the status of personal data protection to relevant authorities. Actions that are prohibited under the law include processing personal data in violation of legal regulations, creating information that undermines the state, and obstructing the activities of authorities responsible for data protection.",multi_context
Nghị định này có hiệu lực thi hành từ khi nào và các doanh nghiệp nào được miễn trừ quy định về bảo vệ dữ liệu cá nhân trong thời gian đầu hoạt động?,"Nghị định này có hiệu lực thi hành từ ngày 01 tháng 7 năm 2023. Các doanh nghiệp siêu nhỏ, doanh nghiệp nhỏ, doanh nghiệp vừa, doanh nghiệp khởi nghiệp được quyền lựa chọn miễn trừ quy định về bảo vệ dữ liệu cá nhân trong thời gian 02 năm đầu kể từ khi thành lập doanh nghiệp.","[""### Điều 43. Hiệu lực thi hành\n\n1. Nghị định này có hiệu lực thi hành từ ngày 01 tháng 7 năm 2023.\n\n2. Các doanh nghiệp siêu nhỏ, doanh nghiệp nhỏ, doanh nghiệp vừa, doanh nghiệp khởi nghiệp được quyền lựa chọn miễn trừ quy định về quy định cá nhân và bộ phận bảo vệ dữ liệu cá nhân trong thời gian 02 năm đầu kể từ khi thành lập doanh nghiệp.\n\n3. Các doanh nghiệp siêu nhỏ, doanh nghiệp nhỏ, doanh nghiệp vừa, doanh nghiệp khởi nghiệp trực tiếp kinh doanh hoạt động xử lý dữ liệu cá nhân không áp dụng quy định tại khoản 2 Điều này.\n```"", ""### VI PHẠM QUY ĐỊNH BẢO VỆ DỮ LIỆU CÁ NHÂN\n\n\nKính gửi: Bộ Công an  \n(Cục An ninh mạng và phòng, chống tội phạm sử dụng công nghệ cao, Bộ Công an)\n\nThực hiện quy định về bảo vệ dữ liệu cá nhân, ..............1 gửi Bộ Công an hồ sơ đánh giá tác động xử lý dữ liệu cá nhân, như sau:\n\n1. **Thông tin về tổ chức, doanh nghiệp**\n   - Tên tổ chức, doanh nghiệp: ..........................................\n   - Địa chỉ trụ sở chính: ...................................................\n   - Địa chỉ trụ sở giao dịch: .............................................\n   - Quyết định thành lập/Giấy chứng nhận đăng ký doanh nghiệp/Giấy chứng nhận đăng ký kinh doanh/Giấy chứng nhận đầu tư số: ..... do .... cấp ngày ... tháng ... năm ... tại ...\n   - Điện thoại: .............. Website ..........................................\n   - Nhân sự chịu trách nhiệm bảo vệ dữ liệu cá nhân:\n     Họ và tên: ..................................................................\n     Chức danh: ...............................................................\n     Số điện thoại liên lạc (cố định và di động): ...........................\n     Email: .......................................................................\n\n2. **Mô tả hành vi vi phạm quy định bảo vệ dữ liệu cá nhân**\n   - Thời gian: ...............................................................\n   - Địa điểm: ...............................................................\n   - Hành vi: ...............................................................\n   - Tổ chức, cá nhân, các loại dữ liệu cá nhân và số lượng dữ liệu liên quan;\n```"", ""# Điều 30. Điều kiện bảo đảm hoạt động bảo vệ dữ liệu cá nhân\n\n\n1. Lực lượng bảo vệ dữ liệu cá nhân:\n\n   a) Lực lượng chuyển trách bảo vệ dữ liệu cá nhân được bố trí tại Cơ quan chuyển trách bảo vệ dữ liệu cá nhân;\n\n   b) Bộ phận, nhân sự có chức năng bảo vệ dữ liệu cá nhân được chỉ định trong cơ quan, tổ chức, doanh nghiệp nhằm bảo đảm thực hiện quy định về bảo vệ dữ liệu cá nhân;\n\n   c) Tổ chức, cá nhân được huy động tham gia bảo vệ dữ liệu cá nhân;\n\n   d) Bộ Công an xây dựng chương trình, kế hoạch cụ thể nhằm phát triển nguồn nhân lực bảo vệ dữ liệu cá nhân.\n\n2. Cơ quan, tổ chức, cá nhân có trách nhiệm truyền, phổ biến kiến thức, kỹ năng, nâng cao nhận thức bảo vệ dữ liệu cá nhân cho cơ quan, tổ chức, cá nhân.\n```""]","Nghị định này có hiệu lực thi hành từ ngày 01 tháng 7 năm 2023. Các doanh nghiệp siêu nhỏ, doanh nghiệp nhỏ, doanh nghiệp vừa, và doanh nghiệp khởi nghiệp được quyền lựa chọn miễn trừ quy định về bảo vệ dữ liệu cá nhân trong thời gian 02 năm đầu kể từ khi thành lập doanh nghiệp.",multi_context
"What are the responsibilities of the data controller regarding the personal data of the data subject, particularly in terms of data deletion and processing without consent in emergency situations?",Không tìm thấy thông tin trong tài liệu.,"[""## Điều 13. Thông báo xử lý dữ liệu cá nhân\n\n\n1. Việc thông báo được thực hiện một lần trước khi tiến hành đối với hoạt động xử lý dữ liệu cá nhân.\n\n2. Nội dung thông báo cho chủ thể dữ liệu về xử lý dữ liệu cá nhân:\n\n   a) Mục đích xử lý;\n\n   b) Loại dữ liệu cá nhân được sử dụng có liên quan tới mục đích xử lý quy định tại điểm a khoản 2 Điều này;\n\n   c) Cách thức xử lý;\n\n   d) Thông tin về các tổ chức, cá nhân khác có liên quan tới mục đích xử lý quy định tại điểm a khoản 2 Điều này;\n\n   e) Hậu quả, thiệt hại không mong muốn có khả năng xảy ra;\n\n   f) Thời gian bắt đầu, thời gian kết thúc xử lý dữ liệu.\n\n3. Việc thông báo cho chủ thể dữ liệu phải được thể hiện ở một định dạng có thể được in, sao chép bằng văn bản, bao gồm cả dưới dạng điện tử hoặc định dạng kiên chứng được.\n```"", ""## Điều 12. Rút lại sự đồng ý\n\n\n1. Việc rút lại sự đồng ý không ảnh hưởng đến tính hợp pháp của việc xử lý dữ liệu đã được đồng ý trước khi rút lại sự đồng ý.\n\n2. Việc rút lại sự đồng ý phải được thể hiện ở một định dạng có thể được in, sao chép bằng văn bản, bao gồm cả dưới dạng điện tử hoặc định dạng kiên chứng được.\n\n3. Khi nhận yêu cầu rút lại sự đồng ý của chủ thể dữ liệu, Bên Kiểm soát dữ liệu cá nhân, Bên Kiểm soát và xử lý dữ liệu cá nhân thông báo cho chủ thể dữ liệu về hậu quả, thiệt hại có thể xảy ra khi rút lại sự đồng ý.\n\n4. Sau khi thực hiện quy định tại khoản 2 Điều này, Bên Kiểm soát dữ liệu, Bên Xử lý dữ liệu, Bên Kiểm soát và xử lý dữ liệu, Bên thứ ba phải ngừng và yêu cầu các tổ chức, cá nhân có liên quan ngừng xử lý dữ liệu của chủ thể dữ liệu đã rút lại sự đồng ý."", ""### Điều 11. Sự đồng ý của chủ thể dữ liệu\n\n\n1. Sự đồng ý của chủ thể dữ liệu được áp dụng đối với tất cả các hoạt động trong quy trình xử lý dữ liệu cá nhân, trừ trường hợp luật có quy định khác.\n\n2. Sự đồng ý của chủ thể dữ liệu chỉ có hiệu lực khi chủ thể dữ liệu tự nguyện và biết rõ các nội dung sau:\n   a) Loại dữ liệu cá nhân được xử lý;  \n   b) Mục đích xử lý dữ liệu cá nhân;  \n   c) Tổ chức, cá nhân được xử lý dữ liệu cá nhân;  \n   d) Các quyền, nghĩa vụ của chủ thể dữ liệu.  \n\n3. Sự đồng ý của chủ thể dữ liệu phải được thể hiện rõ ràng, cụ thể bằng văn bản, giọng nói, đánh dấu vào ô đồng ý, cú pháp đồng ý qua tin nhắn, chọn các thiết lập kỹ thuật đồng ý hoặc một hành động thể hiện được điều này.\n\n4. Sự đồng ý phải được tiến hành cho cùng mục đích. Khi có nhiều mục đích, Bên Kiểm soát dữ liệu cá nhân, Bên Kiểm soát và xử lý dữ liệu cá nhân liệt kê các mục đích để chủ thể dữ liệu đồng ý với một hoặc nhiều mục đích nêu ra.\n\n5. Sự đồng ý của chủ thể dữ liệu phải được thể hiện ở một định dạng có thể được in, sao chép bằng văn bản, bao gồm cả dưới dạng điện tử hoặc định dạng kiểm chứng được.\n\n6. Sự im lặng hoặc không phản hồi của chủ thể dữ liệu không được coi là sự đồng ý.\n\n7. Chủ thể dữ liệu có thể đồng ý một phần hoặc vối điều kiện kèm theo.\n\n8. Đối với xử lý dữ liệu cá nhân nhạy cảm, chủ thể dữ liệu phải được thông báo rằng dữ liệu cần sự đồng ý là dữ liệu cá nhân nhạy cảm.\n\n9. Sự đồng ý của chủ thể dữ liệu có hiệu lực cho tới khi chủ thể dữ liệu có quyết định khác hoặc khi cơ quan nhà nước có thẩm quyền yêu cầu bằng văn bản.\n\n10. Trong trường hợp có tranh chấp, trách nhiệm chứng minh sự đồng ý của chủ thể dữ liệu thuộc về Bên Kiểm soát dữ liệu cá nhân, Bên Kiểm soát và xử lý dữ liệu cá nhân.\n```""]","The data controller is responsible for ensuring that personal data is deleted irretrievably when it is no longer necessary for the purposes for which it was collected, or if the processing was not conducted in accordance with the data subject's consent. Additionally, in emergency situations where the processing of personal data is necessary to protect the life or health of the data subject or others, the data controller must demonstrate the necessity of such processing without the data subject's consent.",multi_context
What are the responsibilities of the data controller regarding the request for personal data provision and the rights of the data subject to modify their personal data as outlined in Điều 15?,"Bên Kiểm soát dữ liệu cá nhân có trách nhiệm:

1. Chỉnh sửa dữ liệu cá nhân của chủ thể dữ liệu sau khi được đồng ý.
2. Thông báo cho chủ thể dữ liệu trong vòng 72 giờ nếu không thể thực hiện yêu cầu chỉnh sửa.

Chủ thể dữ liệu có quyền:

1. Cập nhật, xem, chỉnh sửa dữ liệu cá nhân của mình.
2. Yêu cầu chỉnh sửa dữ liệu cá nhân nếu không thể thực hiện trực tiếp.","[""## Điều 15. Chỉnh sửa dữ liệu cá nhân\n\n\n1. Chủ thể dữ liệu:\n\n   a) Được quyền cập nhật xem, chỉnh sửa dữ liệu cá nhân của mình sau khi đã được Bên Kiểm soát dữ liệu cá nhân, Bên Kiểm soát và xử lý dữ liệu cá nhân thu thập theo sự đồng ý, trừ trường hợp luật có quy định khác;\n\n   b) Trường hợp không thể chỉnh sửa trực tiếp vì lý do kỹ thuật hoặc lý do khác, chủ thể dữ liệu yêu cầu Bên Kiểm soát dữ liệu cá nhân, Bên Kiểm soát và xử lý dữ liệu cá nhân chỉnh sửa dữ liệu cá nhân của mình.\n\n2. Bên Kiểm soát dữ liệu cá nhân, Bên Kiểm soát và xử lý dữ liệu cá nhân chỉnh sửa dữ liệu cá nhân của chủ thể dữ liệu sau khi được chủ thể dữ liệu cá nhân đồng ý ngay khi có thể hoặc theo quy định của pháp luật chuyên ngành. Trường hợp không thể thực hiện thì thông báo cho chủ thể dữ liệu sau 72 giờ kể khi nhận được yêu cầu chỉnh sửa dữ liệu cá nhân của chủ thể dữ liệu.\n\n3. Bên Xử lý dữ liệu cá nhân, Bên thứ ba được chỉnh sửa dữ liệu cá nhân của chủ thể dữ liệu sau khi được Bên Kiểm soát dữ liệu cá nhân, Bên Kiểm soát và xử lý dữ liệu cá nhân đồng ý bằng văn bản và biết rõ ràng đã có sự đồng ý của chủ thể dữ liệu."", ""## Trang 15\n\n\n```markdown\nc) Bên Kiểm soát dữ liệu cá nhân, Bên Kiểm soát và xử lý dữ liệu cá nhân, Bên Xử lý dữ liệu cá nhân, Bên thứ ba bị giải thể hoặc không hoạt động hoặc tuyên bố phá sản hoặc bị chấm dứt hoạt động kinh doanh theo quy định của pháp luật."", ""## Điều 13. Thông báo xử lý dữ liệu cá nhân\n\n\n1. Việc thông báo được thực hiện một lần trước khi tiến hành đối với hoạt động xử lý dữ liệu cá nhân.\n\n2. Nội dung thông báo cho chủ thể dữ liệu về xử lý dữ liệu cá nhân:\n\n   a) Mục đích xử lý;\n\n   b) Loại dữ liệu cá nhân được sử dụng có liên quan tới mục đích xử lý quy định tại điểm a khoản 2 Điều này;\n\n   c) Cách thức xử lý;\n\n   d) Thông tin về các tổ chức, cá nhân khác có liên quan tới mục đích xử lý quy định tại điểm a khoản 2 Điều này;\n\n   e) Hậu quả, thiệt hại không mong muốn có khả năng xảy ra;\n\n   f) Thời gian bắt đầu, thời gian kết thúc xử lý dữ liệu.\n\n3. Việc thông báo cho chủ thể dữ liệu phải được thể hiện ở một định dạng có thể được in, sao chép bằng văn bản, bao gồm cả dưới dạng điện tử hoặc định dạng kiên chứng được.\n```""]","According to the context, the data controller has the responsibility to receive requests for the provision of personal data and to monitor the process, including maintaining a list of personal data provided upon request. If the requested personal data is outside their authority, they must inform and guide the requesting organization or individual on how to obtain the data. Regarding the rights of the data subject as outlined in Điều 15, the data subject has the right to update, view, and modify their personal data after it has been collected with their consent. If direct modification is not possible due to technical reasons, the data subject can request the data controller to make the necessary changes. The data controller is required to make these modifications promptly or according to legal regulations, and if unable to do so, they must notify the data subject within 72 hours of receiving the modification request.",multi_context
What are the responsibilities outlined in the Nghị định regarding the management and protection of personal data during its transfer abroad?,Không tìm thấy thông tin trong tài liệu.,"[""# Điều 44. Trách nhiệm thi hành\n\n\n1. Bộ trưởng Bộ Công an đôn đốc, kiểm tra, hướng dẫn việc thực hiện Nghị định này.\n\n2. Bộ trưởng, Thủ trưởng cơ quan ngang bộ, Chính phủ, Chủ tịch Ủy ban nhân dân các tỉnh, thành phố trực thuộc trung ương chịu trách nhiệm thi hành Nghị định này."", ""### Điều 1. Phạm vi điều chỉnh và đối tượng áp dụng\n\n1. Nghị định này quy định về bảo vệ dữ liệu cá nhân và trách nhiệm bảo vệ dữ liệu cá nhân của cơ quan, tổ chức, cá nhân có liên quan.  \n2. Nghị định này áp dụng đối với:  \n   a) Cơ quan, tổ chức, cá nhân Việt Nam;  \n   b) Cơ quan, tổ chức, cá nhân nước ngoài tại Việt Nam;  \n   c) Cơ quan, tổ chức, cá nhân Việt Nam hoạt động tại nước ngoài;  \n   d) Cơ quan, tổ chức, cá nhân nước ngoài trực tiếp tham gia hoặc liên quan đến hoạt động xử lý dữ liệu cá nhân tại Việt Nam.  \n```"", ""## Điều 13. Thông báo xử lý dữ liệu cá nhân\n\n\n1. Việc thông báo được thực hiện một lần trước khi tiến hành đối với hoạt động xử lý dữ liệu cá nhân.\n\n2. Nội dung thông báo cho chủ thể dữ liệu về xử lý dữ liệu cá nhân:\n\n   a) Mục đích xử lý;\n\n   b) Loại dữ liệu cá nhân được sử dụng có liên quan tới mục đích xử lý quy định tại điểm a khoản 2 Điều này;\n\n   c) Cách thức xử lý;\n\n   d) Thông tin về các tổ chức, cá nhân khác có liên quan tới mục đích xử lý quy định tại điểm a khoản 2 Điều này;\n\n   e) Hậu quả, thiệt hại không mong muốn có khả năng xảy ra;\n\n   f) Thời gian bắt đầu, thời gian kết thúc xử lý dữ liệu.\n\n3. Việc thông báo cho chủ thể dữ liệu phải được thể hiện ở một định dạng có thể được in, sao chép bằng văn bản, bao gồm cả dưới dạng điện tử hoặc định dạng kiên chứng được.\n```""]","The Nghị định outlines several responsibilities for the management and protection of personal data during its transfer abroad. It specifies that the data transferor must describe the objectives of processing personal data after it is transferred, clarify the types of personal data being transferred, and ensure compliance with data protection regulations. Additionally, the data transferor is required to submit an impact assessment report to the Ministry of Public Security within 60 days of processing personal data. The Ministry is responsible for evaluating and requesting the completion of this report if it is found to be incomplete. Furthermore, local authorities are tasked with managing personal data protection in their respective sectors and implementing the regulations set forth in the Nghị định.",multi_context
"What are the responsibilities of the data processor and the data controller regarding personal data protection as outlined in the Nghị định, and how do these responsibilities relate to the rights of the data subjects?","Trách nhiệm của Bên Kiểm soát dữ liệu cá nhân (data controller) bao gồm:

1. Thực hiện biện pháp bảo mật và an toàn cho dữ liệu cá nhân.
2. Ghi lại và lưu trữ nhật ký xử lý dữ liệu cá nhân.
3. Thông báo vi phạm quy định về bảo vệ dữ liệu cá nhân.
4. Lựa chọn Bên Xử lý dữ liệu cá nhân phù hợp.
5. Bảo đảm quyền của chủ thể dữ liệu.
6. Chịu trách nhiệm về thiệt hại do xử lý dữ liệu cá nhân gây ra.
7. Phối hợp với cơ quan nhà nước trong bảo vệ dữ liệu cá nhân.

Trách nhiệm của Bên Xử lý dữ liệu cá nhân (data processor) bao gồm:

1. Thông báo cho Bên Kiểm soát dữ liệu cá nhân khi phát hiện vi phạm quy định về bảo vệ dữ liệu cá nhân.

Các trách nhiệm này liên quan đến quyền của chủ thể dữ liệu (data subjects) bằng cách bảo đảm rằng dữ liệu cá","[""# Điều 38. Trách nhiệm của Bên Kiểm soát dữ liệu cá nhân\n\n\n1. Thực hiện các biện pháp tổ chức và kỹ thuật cùng các biện pháp an toàn, bảo mật phù hợp để chứng minh các hoạt động xử lý dữ liệu cá nhân được thực hiện theo quy định của pháp luật về bảo vệ dữ liệu cá nhân, rà soát và cập nhật các biện pháp này khi cần thiết.\n\n2. Ghi lại và lưu trữ nhật ký hệ thống quá trình xử lý dữ liệu cá nhân.\n\n3. Thông báo hành vi vi phạm quy định về bảo vệ dữ liệu cá nhân theo quy định tại Điều 23 Nghị định này.\n\n4. Lựa chọn Bên Xử lý dữ liệu cá nhân phù hợp với nhiệm vụ rõ ràng và chi làm việc với Bên Xử lý dữ liệu cá nhân có các biện pháp bảo vệ phù hợp.\n\n5. Bảo đảm các quyền của chủ thể dữ liệu theo quy định tại Điều 9 Nghị định này.\n\n6. Bên Kiểm soát dữ liệu cá nhân chịu trách nhiệm trước chủ thể dữ liệu về các thiệt hại do quá trình xử lý dữ liệu cá nhân gây ra.\n\n7. Phối hợp với Bộ Công an, cơ quan nhà nước có thẩm quyền trong bảo vệ dữ liệu cá nhân, cung cấp thông tin phục vụ điều tra, xử lý hành vi vi phạm quy định của pháp luật về bảo vệ dữ liệu cá nhân."", ""### Điều 42. Trách nhiệm của tổ chức, cá nhân có liên quan\n\n1. Có biện pháp bảo vệ dữ liệu cá nhân của mình, chịu trách nhiệm về tính chính xác của dữ liệu cá nhân do mình cung cấp.\n\n2. Thực hiện quy định về bảo vệ dữ liệu cá nhân tại Nghị định này.\n\n3. Thông báo kịp thời cho Bộ Công an về những vi phạm liên quan tới hoạt động bảo vệ dữ liệu cá nhân.\n\n4. Phối hợp với Bộ Công an trong xử lý những vi phạm liên quan tới hoạt động bảo vệ dữ liệu cá nhân."", ""## Điều 23. Thông báo vi phạm quy định về bảo vệ dữ liệu cá nhân\n\n\n1. Trường hợp phát hiện xảy ra vi phạm quy định bảo vệ dữ liệu cá nhân, Bên Kiểm soát dữ liệu cá nhân, Bên Kiểm soát và xử lý dữ liệu cá nhân thông báo cho Bộ Công an (Cục An ninh mạng và phòng, chống tội phạm sử dụng công nghệ cao) chậm nhất 72 giờ sau khi xảy ra hành vi vi phạm theo Mẫu số 03 tại Phụ lục của Nghị định này. Trường hợp thông báo sau 72 giờ thì phải kèm theo lý do thông báo chậm, muộn.\n\n2. Bên Xử lý dữ liệu cá nhân phải thông báo cho Bên Kiểm soát dữ liệu cá nhân một cách nhanh nhất có thể sau khi nhận thấy có sự vi phạm quy định về bảo vệ dữ liệu cá nhân.\n\n3. Nội dung thông báo vi phạm quy định về bảo vệ dữ liệu cá nhân:\n\n   a) Mô tả tính chất của việc vi phạm quy định bảo vệ dữ liệu cá nhân, bao gồm: thời gian, địa điểm, hành vi, tổ chức, cá nhân, các loại dữ liệu cá nhân và số lượng dữ liệu liên quan;\n\n   b) Chi tiết liên lạc của nhân viên được giao nhiệm vụ bảo vệ dữ liệu hoặc tổ chức, cá nhân chịu trách nhiệm bảo vệ dữ liệu cá nhân;\n\n   c) Mô tả tác hại, thiệt hại có thể xảy ra của việc vi phạm quy định bảo vệ dữ liệu cá nhân;\n\n   d) Mô tả các biện pháp được đưa ra để giải quyết, giảm thiểu tác hại của hành vi vi phạm quy định bảo vệ dữ liệu cá nhân.\n\n4. Trường hợp không thể thông báo đầy đủ các nội dung quy định tại khoản 3 Điều này, việc thông báo có thể được thực hiện theo từng đợt, từng giai đoạn.\n```""]","According to the Nghị định, the responsibilities of the data processor include only receiving personal data after having a contract or agreement with the data controller, processing the data in accordance with that contract, and implementing all necessary measures to protect personal data as stipulated in the Nghị định and other relevant legal documents. Additionally, the data processor is liable to the data subjects for any damages caused by the processing of personal data. On the other hand, the data controller is responsible for ensuring compliance with the regulations regarding personal data protection and must also provide accurate personal data when consent is given for processing. Both parties must cooperate with the Ministry of Public Security and relevant authorities to protect personal data and report any violations related to personal data protection. These responsibilities are crucial for safeguarding the rights of data subjects, who have the right to seek compensation for damages resulting from violations of their personal data protection rights.",multi_context
"Cái gì là trách nhiệm của tổ chức, doanh nghiệp theo quy định của Cộng hòa xã hội chủ nghĩa Việt Nam về bảo vệ dữ liệu cá nhân?",Không tìm thấy thông tin trong tài liệu.,"[""### Điều 1. Phạm vi điều chỉnh và đối tượng áp dụng\n\n1. Nghị định này quy định về bảo vệ dữ liệu cá nhân và trách nhiệm bảo vệ dữ liệu cá nhân của cơ quan, tổ chức, cá nhân có liên quan.  \n2. Nghị định này áp dụng đối với:  \n   a) Cơ quan, tổ chức, cá nhân Việt Nam;  \n   b) Cơ quan, tổ chức, cá nhân nước ngoài tại Việt Nam;  \n   c) Cơ quan, tổ chức, cá nhân Việt Nam hoạt động tại nước ngoài;  \n   d) Cơ quan, tổ chức, cá nhân nước ngoài trực tiếp tham gia hoặc liên quan đến hoạt động xử lý dữ liệu cá nhân tại Việt Nam.  \n```"", ""## Điều 6. Áp dụng Nghị định bảo vệ dữ liệu cá nhân, các luật liên quan và Điều ước quốc tế\n\nViệc bảo vệ dữ liệu cá nhân được thực hiện theo quy định các điều ước quốc tế mà nước Cộng hòa xã hội chủ nghĩa Việt Nam là thành viên, các quy định khác của Luật có liên quan và Nghị định này."", ""## Điều 8. Hành vi bị nghiêm cấm\n\n1. Xử lý dữ liệu cá nhân trái với quy định của pháp luật về bảo vệ dữ liệu cá nhân.\n\n2. Xử lý dữ liệu cá nhân để tạo ra thông tin, dữ liệu nhằm chống lại Nhà nước Cộng hòa xã hội chủ nghĩa Việt Nam.\n\n3. Xử lý dữ liệu cá nhân để tạo ra thông tin, dữ liệu gây ảnh hưởng tới an ninh quốc gia, trật tự an toàn xã hội, quyền và lợi ích hợp pháp của tổ chức, cá nhân khác.\n\n4. Cản trở hoạt động bảo vệ dữ liệu cá nhân của cơ quan có thẩm quyền.\n\n5. Lợi dụng hoạt động bảo vệ dữ liệu cá nhân để vi phạm pháp luật.\n```""]","Theo quy định của Cộng hòa xã hội chủ nghĩa Việt Nam về bảo vệ dữ liệu cá nhân, tổ chức, doanh nghiệp có trách nhiệm chịu trách nhiệm trước pháp luật về tính chính xác và tính hợp pháp của thông tin cung cấp và tài liệu kèm theo. Họ cũng phải thực hiện hồ sơ đánh giá tác động xử lý dữ liệu cá nhân và cam kết về tính chính xác và tính hợp pháp của hồ sơ này.",multi_context
Chính phủ ban hành nghị định bảo vệ dữ liệu cá nhân nào và ai là người chịu trách nhiệm thi hành nghị định này?,"Chính phủ ban hành Nghị định bảo vệ dữ liệu cá nhân. Người chịu trách nhiệm thi hành nghị định này là Bộ trưởng Bộ Công an, Bộ trưởng, Thủ trưởng cơ quan ngang bộ, Chính phủ, và Chủ tịch Ủy ban nhân dân các tỉnh, thành phố trực thuộc trung ương.","[""# Điều 44. Trách nhiệm thi hành\n\n\n1. Bộ trưởng Bộ Công an đôn đốc, kiểm tra, hướng dẫn việc thực hiện Nghị định này.\n\n2. Bộ trưởng, Thủ trưởng cơ quan ngang bộ, Chính phủ, Chủ tịch Ủy ban nhân dân các tỉnh, thành phố trực thuộc trung ương chịu trách nhiệm thi hành Nghị định này."", ""## Điều 32. Trách nhiệm của Bộ Công an\n\n\n1. Giúp Chính phủ thống nhất thực hiện quản lý nhà nước về bảo vệ dữ liệu cá nhân.\n\n2. Hướng dẫn, triển khai hoạt động bảo vệ dữ liệu cá nhân, bảo vệ quyền của chủ thể dữ liệu trước các hành vi vi phạm quy định của pháp luật về bảo vệ dữ liệu cá nhân, đề xuất ban hành Tiêu chuẩn bảo vệ dữ liệu cá nhân và các khuyến nghị áp dụng.\n\n3. Xây dựng, quản lý, vận hành Công thông tin quốc gia về bảo vệ dữ liệu cá nhân.\n\n4. Đánh giá kết quả công tác bảo vệ dữ liệu cá nhân của cơ quan, tổ chức, cá nhân có liên quan.\n\n5. Tiếp nhận hồ sơ, biểu mẫu, thông tin về bảo vệ dữ liệu cá nhân theo quy định tại Nghị định này.\n\n6. Thúc đẩy các biện pháp và thực hiện nghiên cứu để đổi mới trong lĩnh vực bảo vệ dữ liệu cá nhân, triển khai hợp tác quốc tế về bảo vệ dữ liệu cá nhân.\n```"", ""## NGHỊ ĐỊNH\n\n**Bảo vệ dữ liệu cá nhân**  \n\nCăn cứ Luật Tổ chức Chính phủ ngày 19 tháng 6 năm 2015; Luật sửa đổi, bổ sung một số điều của Luật Tổ chức Chính phủ và Luật Tổ chức chính quyền địa phương ngày 22 tháng 11 năm 2019;  \n\nCăn cứ Bộ luật Dân sự ngày 24 tháng 11 năm 2015;  \n\nCăn cứ Luật An ninh quốc gia ngày 03 tháng 12 năm 2004;  \n\nCăn cứ Luật An ninh mạng ngày 12 tháng 6 năm 2018;  \n\nTheo đề nghị của Bộ trưởng Bộ Công an;  \n\nChính phủ ban hành Nghị định bảo vệ dữ liệu cá nhân.  \n\n---""]","Chính phủ ban hành nghị định số 13/2023/NĐ-CP về bảo vệ dữ liệu cá nhân. Người chịu trách nhiệm thi hành nghị định này bao gồm Bộ trưởng Bộ Công an, Bộ trưởng, Thủ trưởng cơ quan ngang bộ, Chính phủ, và Chủ tịch Ủy ban nhân dân các tỉnh, thành phố trực thuộc trung ương.",multi_context
